Date/Time To,Date/Time To(New),App Registrations,Total_reg,QR Codes Generated,NZBN Registered Businesses,Scans,Manual Entries,Scan and manual Usage_perday,Active Devices,Bluetooth Active (24hr),Sca/manual/blutoo Total usagePerday,Avg scans per Avtive divices,Avg manual entries per Avtive Device,Scans per Active device,Manual entry per active device,Active device/Cumulative registrations,Bluetooth active/cumulative registrations
20/05/2020 12:00,5/20/2020,92595,92595,,,1407,0,1407,,,1407,,,,,,
21/05/2020 12:00,5/21/2020,143405,236000,5800,11411,11411,0,11411,,,11411,,,,,,
22/05/2020 12:00,5/22/2020,57000,293000,4892,23561,23561,0,23561,,,23561,,,,,,
23/05/2020 12:00,5/23/2020,31000,324000,1528,30275,30275,0,30275,,,30275,,,,,,
24/05/2020 12:00,5/24/2020,30000,354000,,,31444,0,31444,,,31444,,,,,,
25/05/2020 12:00,5/25/2020,26000,380000,,,29426,0,29426,,,29426,,,,,,
26/05/2020 12:00,5/26/2020,25000,405000,3330,,31629,0,31629,,,31629,,,,,,
27/05/2020 12:00,5/27/2020,17000,422000,1510,,36794,0,36794,,,36794,,,,,,
28/05/2020 12:00,5/28/2020,14000,436000,1200,,39216,0,39216,,,39216,,,,,,
29/05/2020 12:00,5/29/2020,10000,446000,1270,,43473,0,43473,,,43473,,,,,,
30/05/2020 12:00,5/30/2020,12000,458000,,,48091,0,48091,,,48091,,,,,,
31/05/2020 12:00,5/31/2020,10000,468000,1097,10679,51353,0,51353,,,51353,,,,,,
1/6/2020 12:00,6/1/2020,8000,476000,,,41061,0,41061,,,41061,,,,,,
2/6/2020 12:00,6/2/2020,6000,482000,588,301,41382,0,41382,,,41382,,,,,,
3/6/2020 12:00,6/3/2020,5000,487000,2797,,39801,0,39801,,,39801,,,,,,
4/6/2020 12:00,6/4/2020,8000,495000,,,43562,0,43562,,,43562,,,,,,
5/6/2020 12:00,6/5/2020,6000,501000,8061,4805,45368,0,45368,,,45368,,,,,,
6/6/2020 12:00,6/6/2020,10645,511645,,,49272,0,49272,,,49272,,,,,,
7/6/2020 12:00,6/7/2020,5355,517000,,,50110,0,50110,,,50110,,,,,,
8/6/2020 12:00,6/8/2020,5000,522000,5431,2722,47585,0,47585,,,47585,,,,,,
9/6/2020 12:00,6/9/2020,13000,535000,3199,1227,43688,0,43688,,,43688,,,,,,
10/6/2020 12:00,6/10/2020,6000,541000,2619,805,41358,0,41358,,,41358,,,,,,
11/6/2020 12:00,6/11/2020,5000,546000,1778,368,40404,0,40404,,,40404,,,,,,
12/6/2020 12:00,6/12/2020,4000,550000,1600,193,36798,0,36798,,,36798,,,,,,
13/06/2020 12:00,6/13/2020,2000,552000,777,330,30559,0,30559,,,30559,,,,,,
14/06/2020 12:00,6/14/2020,2000,554000,358,171,26429,0,26429,,,26429,,,,,,
15/06/2020 12:00,6/15/2020,3000,557000,1038,435,26643,0,26643,,,26643,,,,,,
16/06/2020 12:00,6/16/2020,1000,558000,3480,1877,27261,0,27261,,,27261,,,,,,
17/06/2020 12:00,6/17/2020,4000,562000,4199,1729,33006,0,33006,,,33006,,,,,,
18/06/2020 12:00,6/18/2020,3000,565000,3136,975,35471,0,35471,,,35471,,,,,,
19/06/2020 12:00,6/19/2020,4000,569000,2491,815,34190,0,34190,,,34190,,,,,,
20/06/2020 12:00,6/20/2020,2000,571000,878,352,24013,0,24013,,,24013,,,,,,
21/06/2020 12:00,6/21/2020,2000,573000,103,61,15886,0,15886,,,15886,,,,,,
22/06/2020 12:00,6/22/2020,3000,576000,516,180,18052,0,18052,,,18052,,,,,,
23/06/2020 12:00,6/23/2020,1000,577000,10081,259,19599,0,19599,,,19599,,,,,,
24/06/2020 12:00,6/24/2020,2000,579000,790,212,19163,0,19163,12169,,19163,1.574739091,,1.574739091,0,0.021017271,
25/06/2020 12:00,6/25/2020,1000,580000,284,118,17780,0,17780,13146,,17780,1.352502662,,1.352502662,0,0.022665517,
26/06/2020 12:00,6/26/2020,1000,581000,316,97,16174,0,16174,11988,,16174,1.349182516,,1.349182516,0,0.020633391,
27/06/2020 12:00,6/27/2020,1000,582000,138,58,12096,0,12096,9009,,12096,1.342657343,,1.342657343,0,0.015479381,
28/06/2020 12:00,6/28/2020,1000,583000,31,19,9925,0,9925,7329,,9925,1.354209305,,1.354209305,0,0.012571184,
29/06/2020 12:00,6/29/2020,1000,584000,,,11887,0,11887,9336,,11887,1.273243359,,1.273243359,0,0.015986301,
30/06/2020 12:00,6/30/2020,1000,585000,460,189,12878,0,12878,9692,,12878,1.328724721,,1.328724721,0,0.016567521,
1/7/2020 12:00,7/1/2020,1000,586000,150,48,12917,0,12917,9676,,12917,1.33495246,,1.33495246,0,0.016511945,
2/7/2020 12:00,7/2/2020,1000,587000,228,87,12244,0,12244,9175,,12244,1.334495913,,1.334495913,0,0.015630324,
3/7/2020 12:00,7/3/2020,500,587500,97,41,13197,0,13197,8867,,13197,1.488327506,,1.488327506,0,0.015092766,
4/7/2020 12:00,7/4/2020,500,588000,61,28,9985,0,9985,6838,,9985,1.460222287,,1.460222287,0,0.011629252,
5/7/2020 12:00,7/5/2020,800,588800,25,13,7966,0,7966,5399,,7966,1.475458418,,1.475458418,0,0.009169497,
6/7/2020 12:00,7/6/2020,1000,589800,,,12549,0,12549,6842,,12549,1.834112833,,1.834112833,0,0.011600543,
7/7/2020 12:00,7/7/2020,1200,591000,753,108,13758,0,13758,7153,,13758,1.923388788,,1.923388788,0,0.012103215,
8/7/2020 12:00,7/8/2020,1000,592000,134,33,14857,0,14857,7330,,14857,2.026875853,,2.026875853,0,0.012381757,
9/7/2020 12:00,7/9/2020,1000,593000,131,46,16310,0,16310,7528,,16310,2.166578108,,2.166578108,0,0.012694772,
10/7/2020 12:00,7/10/2020,700,593700,104,52,17564,0,17564,7491,,17564,2.344680283,,2.344680283,0,0.012617484,
11/7/2020 12:00,7/11/2020,900,594600,,,14737,0,14737,6039,,14737,2.440304686,,2.440304686,0,0.010156408,
12/7/2020 12:00,7/12/2020,1100,595700,,,12079,0,12079,4800,,12079,2.516458333,,2.516458333,0,0.008057747,
13/07/2020 12:00,7/13/2020,1300,597000,105,58,14403,0,14403,5982,,14403,2.40772317,,2.40772317,0,0.010020101,
14/07/2020 12:00,7/14/2020,1650,598650,,,17100,0,17100,6959,,17100,2.457249605,,2.457249605,0,0.011624488,
15/07/2020 12:00,7/15/2020,2000,600650,364,156,18663,0,18663,7156,,18663,2.608021241,,2.608021241,0,0.01191376,
16/07/2020 12:00,7/16/2020,11000,611650,882,431,25718,0,25718,9937,,25718,2.588105062,,2.588105062,0,0.016246219,
17/07/2020 12:00,7/17/2020,4500,616150,682,357,31928,0,31928,11907,,31928,2.681447888,,2.681447888,0,0.01932484,
18/07/2020 12:00,7/18/2020,4300,620450,,,27266,0,27266,9746,,27266,2.797660579,,2.797660579,0,0.015707954,
19/07/2020 12:00,7/19/2020,4100,624550,,,22252,0,22252,7823,,22252,2.844433082,,2.844433082,0,0.012525819,
20/07/2020 12:00,7/20/2020,3900,628450,411,225,24047,0,24047,8916,,24047,2.697061463,,2.697061463,0,0.014187286,
21/07/2020 12:00,7/21/2020,900,629350,227,111,25078,0,25078,9135,,25078,2.745265463,,2.745265463,0,0.014514976,
22/07/2020 12:00,7/22/2020,900,630250,188,88,23686,0,23686,8730,,23686,2.713172967,,2.713172967,0,0.013851646,
23/07/2020 12:00,7/23/2020,800,631050,145,83,24162,0,24162,17791,,24162,1.358102411,,1.358102411,0,0.028192695,
24/07/2020 12:00,7/24/2020,800,631850,206,87,24078,0,24078,17615,,24078,1.366903207,,1.366903207,0,0.027878452,
25/07/2020 12:00,7/25/2020,933,632783,,,21129,0,21129,15500,,21129,1.36316129,,1.36316129,0,0.024494969,
26/07/2020 12:00,7/26/2020,1066,633849,,,17980,0,17980,13074,,17980,1.375248585,,1.375248585,0,0.020626364,
27/07/2020 12:00,7/27/2020,1199,635048,120,60,20091,0,20091,15041,,20091,1.335748953,,1.335748953,0,0.023684824,
28/07/2020 12:00,7/28/2020,500,635548,108,51,21466,0,21466,15722,,21466,1.36534792,,1.36534792,0,0.024737707,
29/07/2020 12:00,7/29/2020,500,636048,151,47,22036,5,22041,16139,,22041,1.36538819,,1.36538819,0.000309809,0.025373871,
30/07/2020 12:00,7/30/2020,400,636448,1239,36,22130,28,22158,16060,,22158,1.377957659,,1.377957659,0.001743462,0.025233798,
31/07/2020 12:00,7/31/2020,1000,637448,121,41,21105,3591,24696,15269,,24696,1.382212326,,1.382212326,0.235182396,0.023953326,
1/8/2020 12:00,8/1/2020,2000,639448,,,17475,6226,23701,12434,,23701,1.405420621,,1.405420621,0.500723822,0.019444896,
2/8/2020 12:00,8/2/2020,3000,642448,,,16428,7922,24350,11466,,24350,1.432757718,,1.432757718,0.690912262,0.017847359,
3/8/2020 12:00,8/3/2020,4000,646448,252,137,19402,6866,26268,13905,,26268,1.395325423,,1.395325423,0.493779216,0.021509851,
4/8/2020 12:00,8/4/2020,1500,647948,269,96,21568,7493,29061,15135,,29061,1.425041295,,1.425041295,0.495077635,0.023358356,
5/8/2020 12:00,8/5/2020,2800,650748,408,205,25254,10269,35523,17702,,35523,1.426618461,,1.426618461,0.580103943,0.027202542,
6/8/2020 12:00,8/6/2020,6400,657148,942,542,32169,28747,60916,22353,,60916,1.439135686,,1.439135686,1.286046616,0.034015169,
7/8/2020 12:00,8/7/2020,4300,661448,1945,456,37806,22672,60478,25533,,60478,1.480672071,,1.480672071,0.887948929,0.038601674,
8/8/2020 12:00,8/8/2020,4533,665981,,,33790,18862,52652,22898,,52652,1.475674731,,1.475674731,0.823740065,0.034382362,
9/8/2020 12:00,8/9/2020,4767,670748,,,29357,16784,46141,19825,,46141,1.480807062,,1.480807062,0.846607818,0.029556555,
10/8/2020 12:00,8/10/2020,5000,675748,703,342,30662,14713,45375,21764,,45375,1.408840287,,1.408840287,0.676024628,0.032207273,
11/8/2020 12:00,8/11/2020,1600,677348,664,189,33283,14842,48125,23030,,48125,1.445201911,,1.445201911,0.644463743,0.034000248,
12/8/2020 12:00,8/12/2020,105000,782348,13932,7486,147710,127453,275163,101234,,275163,1.459094771,,1.459094771,1.258994014,0.129397659,
13/08/2020 12:00,8/13/2020,233200,1015548,37295,19916,452631,190504,643135,247810,,643135,1.826524353,,1.826524353,0.768750252,0.244016039,
14/08/2020 12:00,8/14/2020,186600,1202148,32736,15423,833260,180634,1013894,394899,,1013894,2.110058521,,2.110058521,0.457418226,0.328494495,
15/08/2020 12:00,8/15/2020,130400,1332548,14926,6351,982392,156551,1138943,447043,,1138943,2.197533571,,2.197533571,0.350192263,0.335479848,
16/08/2020 12:00,8/16/2020,71000,1403548,7025,2656,897798,102839,1000637,412493,,1000637,2.176516935,,2.176516935,0.249310897,0.293893048,
17/08/2020 12:00,8/17/2020,68100,1471648,16761,7762,977504,101103,1078607,481598,,1078607,2.029709426,,2.029709426,0.20993235,0.32725081,
18/08/2020 12:00,8/18/2020,56700,1528348,23831,7749,1130833,96371,1227204,530093,,1227204,2.133272841,,2.133272841,0.181800175,0.34684051,
19/08/2020 12:00,8/19/2020,57100,1585448,32040,5890,1242880,97203,1340083,564225,,1340083,2.202809163,,2.202809163,0.172277017,0.355877329,
20/08/2020 12:00,8/20/2020,70400,1655848,26187,6142,1433010,95562,1528572,627665,,1528572,2.283080943,,2.283080943,0.152250006,0.379059551,
21/08/2020 12:00,8/21/2020,48100,1703948,11226,2713,1596663,84634,1681297,662617,,1681297,2.409631808,,2.409631808,0.127726877,0.388871609,
22/08/2020 12:00,8/22/2020,37400,1741348,5668,1305,1613507,78320,1691827,693138,,1691827,2.327829379,,2.327829379,0.112993372,0.398046801,
23/08/2020 12:00,8/23/2020,32000,1773348,1489,439,1427232,65951,1493183,631204,,1493183,2.261126355,,2.261126355,0.104484446,0.355939161,
24/08/2020 12:00,8/24/2020,31300,1804648,5130,1400,1418604,63703,1482307,664918,,1482307,2.133502176,,2.133502176,0.095805799,0.368447476,
25/08/2020 12:00,8/25/2020,44600,1849248,4991,977,1537358,69445,1606803,701100,,1606803,2.192779917,,2.192779917,0.099051491,0.379127083,
26/08/2020 12:00,8/26/2020,28700,1877948,4062,712,1647284,65433,1712717,740358,,1712717,2.224983049,,2.224983049,0.088380216,0.394237753,
27/08/2020 12:00,8/27/2020,34400,1912348,3681,731,1748983,68143,1817126,773863,,1817126,2.260067997,,2.260067997,0.088055638,0.40466641,
28/08/2020 12:00,8/28/2020,25400,1937748,5640,634,1801840,62210,1864050,786779,,1864050,2.290147551,,2.290147551,0.079069218,0.406027512,
29/08/2020 12:00,8/29/2020,10700,1948448,1325,122,1852067,58141,1910208,800732,,1910208,2.312967385,,2.312967385,0.072609812,0.410958876,
30/08/2020 12:00,8/30/2020,21700,1970148,1249,229,1590729,47831,1638560,713879,,1638560,2.228289388,,2.228289388,0.067001551,0.362347905,
31/08/2020 12:00,8/31/2020,45500,2015648,6082,1866,1772205,60868,1833073,830505,,1833073,2.133888417,,2.133888417,0.073290347,0.412028787,
1/9/2020 12:00,9/1/2020,36500,2052148,2079,403,2138805,75429,2214234,909813,,2214234,2.350818245,,2.350818245,0.082906048,0.443346679,
2/9/2020 12:00,9/2/2020,27400,2079548,6262,996,2184485,71267,2255752,926782,,2255752,2.357064552,,2.357064552,0.076897264,0.445665116,
3/9/2020 12:00,9/3/2020,23700,2103248,3111,482,2318593,71561,2390154,966795,,2390154,2.398226098,,2.398226098,0.074018794,0.459667619,
4/9/2020 12:00,9/4/2020,20000,2123248,2794,397,2412844,67715,2480559,980014,,2480559,2.462050542,,2.462050542,0.069095952,0.461563604,
5/9/2020 12:00,9/5/2020,12800,2136048,684,84,2509474,67834,2577308,999525,,2577308,2.510666567,,2.510666567,0.067866236,0.4679319,
6/9/2020 12:00,9/6/2020,18600,2154648,740,139,2234450,55398,2289848,906369,,2289848,2.465276284,,2.465276284,0.061120802,0.420657574,
7/9/2020 12:00,9/7/2020,20200,2174848,1840,348,2032976,52677,2085653,906313,,2085653,2.243127926,,2.243127926,0.058122304,0.416724755,
8/9/2020 12:00,9/8/2020,10900,2185748,2136,243,2070586,51374,2121960,912710,,2121960,2.268613251,,2.268613251,0.05628732,0.417573298,
9/9/2020 12:00,9/9/2020,10400,2196148,1674,199,2098306,55721,2154027,916476,,2154027,2.289537315,,2.289537315,0.060799192,0.417310673,
10/9/2020 12:00,9/10/2020,10600,2206748,1494,184,2135028,62424,2197452,920990,,2197452,2.318188037,,2.318188037,0.067779238,0.417351687,
11/9/2020 12:00,9/11/2020,9400,2216148,1611,179,2215550,57151,2272701,939965,,2272701,2.357055848,,2.357055848,0.0608012,0.424143604,
12/9/2020 12:00,9/12/2020,4000,2220148,358,41,2045689,52898,2098587,870464,,2098587,2.350113273,,2.350113273,0.060769888,0.392074763,
13/09/2020 12:00,9/13/2020,8700,2228848,470,56,1754619,43056,1797675,753980,,1797675,2.32714263,,2.32714263,0.057104963,0.338282377,
14/09/2020 12:00,9/14/2020,10918,2239766,1131,207,1632116,44914,1677030,743107,,1677030,2.1963405,,2.1963405,0.060440825,0.331778855,
15/09/2020 12:00,9/15/2020,7282,2247048,1590,155,1590246,46355,1636601,721328,,1636601,2.204608722,,2.204608722,0.064263414,0.321011389,
16/09/2020 12:00,9/16/2020,6400,2253448,3160,119,1691339,44207,1735546,747640,,1735546,2.262237173,,2.262237173,0.059128725,0.331776016,
17/09/2020 12:00,9/17/2020,6100,2259548,2153,138,1727466,44431,1771897,755486,,1771897,2.286562557,,2.286562557,0.058811149,0.334352711,
18/09/2020 12:00,9/18/2020,5400,2264948,1248,102,1727667,43431,1771098,747912,,1771098,2.309987004,,2.309987004,0.058069666,0.330211555,
19/09/2020 12:00,9/19/2020,0,2264948,0,0,1717666,38983,1756649,735822,,1756649,2.334349884,,2.334349884,0.052978845,0.324873684,
20/09/2020 12:00,9/20/2020,0,2264948,0,0,1540277,32678,1572955,666502,,1572955,2.310986314,,2.310986314,0.04902911,0.294268124,
21/09/2020 12:00,9/21/2020,14500,2279448,1723,172,1441941,33814,1475755,672636,,1475755,2.143716661,,2.143716661,0.050270875,0.295087232,
22/09/2020 12:00,9/22/2020,3800,2283248,982,100,1342915,34714,1377629,634998,,1377629,2.114833433,,2.114833433,0.054667889,0.278111708,
23/09/2020 12:00,9/23/2020,3200,2286448,893,86,1182756,34300,1217056,567223,,1217056,2.085169325,,2.085169325,0.060470044,0.248080429,
24/09/2020 12:00,9/24/2020,3400,2289848,915,77,1160026,34974,1195000,555593,,1195000,2.087906075,,2.087906075,0.062948957,0.242633135,
25/09/2020 12:00,9/25/2020,13000,2302848,987,81,1190228,41140,1231368,554380,,1231368,2.146953353,,2.146953353,0.074209026,0.240736688,
26/09/2020 12:00,9/26/2020,11667,2314515,,,1222927,40585,1263512,556310,,1263512,2.198283331,,2.198283331,0.072953929,0.240357051,
27/09/2020 13:00,9/27/2020,10333,2324848,,,1068555,33305,1101860,484371,,1101860,2.20606725,,2.20606725,0.068759277,0.208345234,
28/09/2020 13:00,9/28/2020,9000,2333848,1664,180,1000147,30202,1030349,480492,,1030349,2.08150604,,2.08150604,0.062856406,0.205879732,
29/09/2020 13:00,9/29/2020,2300,2336148,866,68,1000691,30455,1031146,476854,,1031146,2.098527012,,2.098527012,0.063866508,0.204119773,
30/09/2020 13:00,9/30/2020,2000,2338148,1469,92,1032553,31246,1063799,488171,,1063799,2.115146127,,2.115146127,0.06400626,0.208785329,
1/10/2020 13:00,10/1/2020,2000,2340148,1067,62,1033510,31190,1064700,486281,,1064700,2.12533494,,2.12533494,0.06413987,0.20779925,
2/10/2020 13:00,10/2/2020,2000,2342148,906,66,1048062,31816,1079878,483427,,1079878,2.167983998,,2.167983998,0.065813453,0.206403267,
3/10/2020 13:00,10/3/2020,900,2343048,237,27,1018803,30267,1049070,465220,,1049070,2.189938094,,2.189938094,0.065059542,0.198553337,
4/10/2020 13:00,10/4/2020,1800,2344848,298,26,865691,25454,891145,411990,,891145,2.101242749,,2.101242749,0.061783053,0.175700088,
5/10/2020 13:00,10/5/2020,2800,2347648,983,66,879492,26468,905960,430658,,905960,2.042205184,,2.042205184,0.061459441,0.183442322,
6/10/2020 13:00,10/6/2020,2000,2349648,991,52,930897,30458,961355,445183,,961355,2.091043459,,2.091043459,0.068416808,0.189467954,
7/10/2020 13:00,10/7/2020,1100,2350748,812,56,931101,27730,958831,443542,,958831,2.099239756,,2.099239756,0.062519446,0.18868122,
8/10/2020 13:00,10/8/2020,1400,2352148,716,34,883396,27980,911376,424193,,911376,2.082533187,,2.082533187,0.065960542,0.180342819,
9/10/2020 13:00,10/9/2020,1300,2353448,919,55,850358,28162,878520,405512,,878520,2.096998363,,2.096998363,0.069448006,0.172305485,
10/10/2020 13:00,10/10/2020,1400,2354848,199,14,813489,26862,840351,389153,,840351,2.090409171,,2.090409171,0.069026835,0.165256101,
11/10/2020 13:00,10/11/2020,700,2355548,199,25,661262,21871,683133,336633,,683133,1.964340989,,1.964340989,0.064969863,0.142910694,
12/10/2020 13:00,10/12/2020,900,2356448,725,61,651149,23011,674160,341519,,674160,1.906625986,,1.906625986,0.067378389,0.144929572,
13/10/2020 13:00,10/13/2020,900,2357348,726,54,648436,23830,672266,334891,,672266,1.936259858,,1.936259858,0.071157481,0.142062606,
14/10/2020 13:00,10/14/2020,800,2358148,632,40,686069,24264,710333,346758,,710333,1.978523927,,1.978523927,0.069973872,0.14704675,
15/10/2020 13:00,10/15/2020,800,2358948,712,57,667017,23931,690948,338603,,690948,1.969908713,,1.969908713,0.070675688,0.143539832,
16/10/2020 13:00,10/16/2020,700,2359648,678,40,664618,23301,687919,335379,,687919,1.981692354,,1.981692354,0.069476622,0.142130945,
17/10/2020 13:00,10/17/2020,600,2360248,115,3,685962,22723,708685,351370,,708685,1.952249765,,1.952249765,0.064669721,0.148869949,
18/10/2020 13:00,10/18/2020,700,2360948,259,22,507842,17751,525593,276278,,525593,1.838155771,,1.838155771,0.064250501,0.117019943,
19/10/2020 13:00,10/19/2020,1200,2362148,651,42,531196,27172,558368,285026,,558368,1.863675595,,1.863675595,0.095331654,0.120663904,
20/10/2020 13:00,10/20/2020,600,2362748,673,50,571880,23079,594959,297398,,594959,1.92294501,,1.92294501,0.077603077,0.125869538,
21/10/2020 13:00,10/21/2020,700,2363448,610,45,589864,23386,613250,302897,,613250,1.947407865,,1.947407865,0.077207764,0.128158944,
22/10/2020 13:00,10/22/2020,1500,2364948,940,53,659087,34105,693192,331599,,693192,1.987602496,,1.987602496,0.102850129,0.140214077,
23/10/2020 13:00,10/23/2020,2900,2367848,1048,68,801849,39659,841508,383649,,841508,2.090058882,,2.090058882,0.103373135,0.162024336,
24/10/2020 13:00,10/24/2020,4800,2372648,332,40,1009387,58636,1068023,461094,,1068023,2.189113283,,2.189113283,0.127167129,0.194337297,
25/10/2020 13:00,10/25/2020,4000,2376648,383,32,884237,37024,921261,414126,,921261,2.135188324,,2.135188324,0.089402742,0.174247932,
26/10/2020 13:00,10/26/2020,2300,2378948,224,25,716925,28827,745752,356442,,745752,2.011337048,,2.011337048,0.080874308,0.149831774,
27/10/2020 13:00,10/27/2020,2800,2381748,919,86,781462,29977,811439,391955,,811439,1.993754385,,1.993754385,0.076480718,0.164566109,
28/10/2020 13:00,10/28/2020,1400,2383148,873,63,833965,30477,864442,407609,,864442,2.045992606,,2.045992606,0.074770184,0.171038056,
29/10/2020 13:00,10/29/2020,900,2384048,342,23,821185,28710,849895,399927,,849895,2.053337234,,2.053337234,0.071788101,0.167751237,
30/10/2020 13:00,10/30/2020,1100,2385148,2028,79,831652,29957,861609,399422,,861609,2.08213869,,2.08213869,0.075000876,0.167462145,
31/10/2020 13:00,10/31/2020,700,2385848,396,19,789574,26668,816242,379339,,816242,2.081446938,,2.081446938,0.070301235,0.15899546,
1/11/2020 13:00,11/1/2020,1000,2386848,678,31,620463,23179,643642,318968,,643642,1.94522021,,1.94522021,0.072668732,0.133635657,
2/11/2020 13:00,11/2/2020,900,2387748,886,81,652270,22366,674636,338274,,674636,1.928229778,,1.928229778,0.066117999,0.141670729,
3/11/2020 13:00,11/3/2020,1200,2388948,864,89,705355,28309,733664,356540,,733664,1.978333427,,1.978333427,0.079399226,0.149245609,
4/11/2020 13:00,11/4/2020,1900,2390848,1144,76,786473,32340,818813,388506,,818813,2.024352262,,2.024352262,0.083241958,0.162497156,
5/11/2020 13:00,11/5/2020,1825,2392673,304,24,779356,30253,809609,388082,,809609,2.008225066,,2.008225066,0.077955174,0.162196004,
6/11/2020 13:00,11/6/2020,1075,2393748,1635,101,791573,27544,819117,387718,,819117,2.041620456,,2.041620456,0.071041324,0.161971101,
7/11/2020 13:00,11/7/2020,800,2394548,187,15,821190,29611,850801,388484,,850801,2.11383223,,2.11383223,0.076221929,0.162236881,
8/11/2020 13:00,11/8/2020,1100,2395648,295,24,683648,24851,708499,337631,,708499,2.024837767,,2.024837767,0.073604023,0.140935146,
9/11/2020 13:00,11/9/2020,2400,2398048,916,79,732375,34132,766507,369357,,766507,1.982837742,,1.982837742,0.092409241,0.154024023,
10/11/2020 13:00,11/10/2020,1711,2399759,1183,72,785736,30907,816643,389794,,816643,2.015772434,,2.015772434,0.0792906,0.162430477,
11/11/2020 13:00,11/11/2020,1051,2400810,832,49,800542,27638,828180,392149,,828180,2.041423031,,2.041423031,0.070478313,0.163340289,
12/11/2020 13:00,11/12/2020,1138,2401948,931,52,816831,27320,844151,394755,,844151,2.069210016,,2.069210016,0.069207483,0.164347854,
13/11/2020 13:00,11/13/2020,6100,2408048,1654,136,1055822,58012,1113834,488294,,1113834,2.162266995,,2.162266995,0.118805474,0.202775858,
14/11/2020 13:00,11/14/2020,2700,2410748,367,34,1189513,47391,1236904,523378,,1236904,2.272760796,,2.272760796,0.090548323,0.217101912,
15/11/2020 13:00,11/15/2020,3100,2413848,352,38,1004788,34938,1039726,460816,,1039726,2.180453804,,2.180453804,0.07581768,0.190905144,
16/11/2020 13:00,11/16/2020,3200,2417048,1149,103,978754,33658,1012412,469411,,1012412,2.085068309,,2.085068309,0.071702623,0.19420839,
17/11/2020 13:00,11/17/2020,2800,2419848,1078,92,1019933,34304,1054237,482552,,1054237,2.113622988,,2.113622988,0.071088712,0.199414178,
18/11/2020 13:00,11/18/2020,2200,2422048,984,70,1018687,32778,1051465,480625,,1051465,2.119504811,,2.119504811,0.0681987,0.198437438,
19/11/2020 13:00,11/19/2020,1900,2423948,1020,80,1024806,31323,1056129,480886,,1056129,2.131078884,,2.131078884,0.06513602,0.198389569,
20/11/2020 13:00,11/20/2020,2300,2426248,1102,63,1090359,33779,1124138,494393,,1124138,2.205449915,,2.205449915,0.068324187,0.203768535,
21/11/2020 13:00,11/21/2020,1500,2427748,0,0,1071260,31395,1102655,479784,,1102655,2.232796425,,2.232796425,0.065435696,0.197625124,
22/11/2020 13:00,11/22/2020,1200,2428948,0,0,891042,26511,917553,414011,,917553,2.152218178,,2.152218178,0.06403453,0.170448688,
23/11/2020 13:00,11/23/2020,1700,2430648,1441,135,869690,25488,895178,422397,,895178,2.058939813,,2.058939813,0.060341338,0.173779585,
24/11/2020 13:00,11/24/2020,1300,2431948,267,22,887496,26006,913502,428741,,913502,2.070004968,,2.070004968,0.060656667,0.176295299,
25/11/2020 13:00,11/25/2020,1500,2433448,1398,88,847894,29461,877355,423462,,877355,2.002290642,,2.002290642,0.069571768,0.174017279,
26/11/2020 13:00,11/26/2020,1400,2434848,909,54,895700,29439,925139,440103,,925139,2.035205395,,2.035205395,0.06689116,0.180751735,
27/11/2020 13:00,11/27/2020,1700,2436548,741,47,940329,30972,971301,447271,,971301,2.102369704,,2.102369704,0.069246609,0.18356749,
28/11/2020 13:00,11/28/2020,600,2437148,221,15,909828,29456,939284,421681,,939284,2.15762152,,2.15762152,0.069853752,0.17302232,
29/11/2020 13:00,11/29/2020,1200,2438348,262,25,723743,23946,747689,353937,,747689,2.044835663,,2.044835663,0.067656108,0.145154424,
30/11/2020 13:00,11/30/2020,1600,2439948,689,61,715855,23704,739559,367113,,739559,1.949958187,,1.949958187,0.064568675,0.150459354,
1/12/2020 13:00,12/1/2020,1200,2441148,699,66,700584,23508,724092,359352,,724092,1.949575903,,1.949575903,0.065417752,0.147206151,
2/12/2020 13:00,12/2/2020,1000,2442148,248,22,709848,22702,732550,367175,,732550,1.933268877,,1.933268877,0.061828828,0.150349201,
3/12/2020 13:00,12/3/2020,1000,2443148,1166,74,689029,23408,712437,367033,,712437,1.877294412,,1.877294412,0.063776282,0.15022954,
4/12/2020 13:00,12/4/2020,1000,2444148,756,38,688680,22981,711661,354406,,711661,1.943195093,,1.943195093,0.06484371,0.145001857,
5/12/2020 13:00,12/5/2020,600,2444748,138,10,639681,22135,661816,325398,,661816,1.965841831,,1.965841831,0.068024389,0.133100835,
6/12/2020 13:00,12/6/2020,900,2445648,229,26,515172,17980,533152,275902,,533152,1.867228219,,1.867228219,0.065168067,0.112813455,
7/12/2020 13:00,12/7/2020,1000,2446648,560,42,523944,18791,542735,286374,,542735,1.829579501,,1.829579501,0.06561699,0.117047487,
8/12/2020 13:00,12/8/2020,800,2447448,508,39,568189,20193,588382,299807,,588382,1.895182567,,1.895182567,0.067353331,0.122497802,
9/12/2020 13:00,12/9/2020,400,2447848,172,17,589289,22344,611633,307705,,611633,1.915110252,,1.915110252,0.072615005,0.125704292,
10/12/2020 13:00,12/10/2020,1950,2449798,,,595246,24152,619398,318903,,619398,1.866542491,,1.866542491,0.075734628,0.130175223,
11/12/2020 13:00,12/11/2020,3500,2453298,1112,85,617172,25023,642195,322325,,642195,1.91475064,,1.91475064,0.077632824,0.131384365,
12/12/2020 13:00,12/12/2020,3000,2456298,0,0,587017,28082,615099,299901,,615099,1.957369265,,1.957369265,0.093637567,0.122094713,
13/12/2020 13:00,12/13/2020,2000,2458298,696,67,468663,20192,488855,252033,,488855,1.8595303,,1.8595303,0.080116493,0.102523372,
14/12/2020 13:00,12/14/2020,1600,2459898,302,31,509031,21367,530398,275298,,530398,1.849018155,,1.849018155,0.077614076,0.111914396,
15/12/2020 13:00,12/15/2020,2150,2462048,,,554963,21849,576812,290142,,576812,1.91272894,,1.91272894,0.075304506,0.117845793,
16/12/2020 13:00,12/16/2020,2700,2464748,1028,90,570394,23668,594062,295860,,594062,1.92791861,,1.92791861,0.079997296,0.120036612,
17/12/2020 13:00,12/17/2020,2450,2467198,,,583302,23528,606830,301880,,606830,1.93223135,,1.93223135,0.077938254,0.122357427,
18/12/2020 13:00,12/18/2020,2200,2469398,0,73,585907,22922,608829,297201,351430,960259,1.971416651,1.667208263,1.971416651,0.077126255,0.120353625,0.142314038
19/12/2020 13:00,12/19/2020,1950,2471348,,,554461,22784,577245,280257,370737,947982,1.978401967,1.495564241,1.978401967,0.08129681,0.113402483,0.150014081
20/12/2020 13:00,12/20/2020,1700,2473048,344,54,461586,18344,479930,240690,380108,860038,1.917761436,1.214354868,1.917761436,0.076214217,0.097325244,0.153700211
21/12/2020 13:00,12/21/2020,900,2473948,,,519614,21150,540764,268954,390749,931513,1.931980934,1.329789712,1.931980934,0.078637983,0.108714492,0.157945519
22/12/2020 13:00,12/22/2020,1700,2475648,,,605451,24183,629634,296915,403621,1033255,2.039139148,1.500048313,2.039139148,0.081447552,0.119934256,0.163036506
23/12/2020 13:00,12/23/2020,2500,2478148,1077,57,615936,24223,640159,299364,416493,1056652,2.057481862,1.47886279,2.057481862,0.080914873,0.120801502,0.168066233
24/12/2020 13:00,12/24/2020,2250,2480398,,,577992,24214,602206,283081,421257,1023463,2.041790159,1.372065034,2.041790159,0.085537355,0.114127249,0.169834438
25/12/2020 13:00,12/25/2020,2000,2482398,533,37,223394,11682,235076,141071,426021,661097,1.583557216,0.524373212,1.583557216,0.082809365,0.056828518,0.171616719
26/12/2020 13:00,12/26/2020,900,2483298,37,3,170465,7482,177947,102079,411617,589564,1.669932111,0.414134985,1.669932111,0.073296173,0.041106222,0.16575417
27/12/2020 13:00,12/27/2020,900,2484198,52,7,307721,12913,320634,173399,418880,739514,1.774641146,0.734628056,1.774641146,0.074469864,0.069800797,0.168617799
28/12/2020 13:00,12/28/2020,1000,2485198,63,5,338541,13733,352274,187496,420988,773262,1.805590519,0.804158313,1.805590519,0.073244229,0.075445095,0.169398173
29/12/2020 13:00,12/29/2020,1400,2486598,94,10,412304,18132,430436,220731,428521,858957,1.86790256,0.96215588,1.86790256,0.082145236,0.088768269,0.172332239
30/12/2020 13:00,12/30/2020,1300,2487898,156,14,445196,18478,463674,235950,439497,903171,1.88682348,1.012967096,1.88682348,0.078313202,0.094839097,0.176653946
31/12/2020 13:00,12/31/2020,1000,2488898,172,16,446099,18501,464600,236166,447060,911660,1.888921352,0.9978504,1.888921352,0.078338965,0.094887778,0.179621664
1/1/2021 13:00,1/1/2021,800,2489698,129,8,309161,14416,323577,182271,451582,775159,1.696161211,0.684617633,1.696161211,0.079091024,0.073210084,0.181380232
2/1/2021 13:00,1/2/2021,700,2490398,43,7,278531,11495,290026,166682,446841,736867,1.671032265,0.62333358,1.671032265,0.068963655,0.066929864,0.179425538
3/1/2021 13:00,1/3/2021,700,2491098,82,13,330244,13720,343964,189924,453751,797715,1.738821845,0.727808864,1.738821845,0.072239422,0.076241079,0.182148996
4/1/2021 13:00,1/4/2021,800,2491898,74,7,327674,14104,341778,187948,457881,799659,1.743429034,0.715631354,1.743429034,0.075042033,0.075423633,0.18374789
5/1/2021 13:00,1/5/2021,1300,2493198,128,20,438346,18174,456520,236311,466363,922883,1.854953853,0.939924479,1.854953853,0.076907127,0.094782284,0.187054137
6/1/2021 13:00,1/6/2021,1400,2494598,324,31,500371,21655,522026,262933,481515,1003541,1.903036135,1.039159735,1.903036135,0.082359384,0.10540095,0.193023084
7/1/2021 13:00,1/7/2021,1500,2496098,462,30,501973,21489,523462,264889,491682,1015144,1.895031504,1.020930195,1.895031504,0.081124547,0.106121234,0.196980247
8/1/2021 13:00,1/8/2021,1000,2497098,429,19,506483,19942,526425,265919,498802,1025227,1.904651416,1.015398896,1.904651416,0.074992761,0.106491215,0.199752673
9/1/2021 13:00,1/9/2021,1550,2498648,,,505055,19392,524447,265491,503095,1027542,1.902343206,1.003895884,1.902343206,0.073042024,0.106253862,0.201346888
10/1/2021 13:00,1/10/2021,2100,2500748,649,40,394325,15598,409923,223806,507388,917311,1.7619054,0.777166587,1.7619054,0.069694289,0.089495623,0.202894494
11/1/2021 13:00,1/11/2021,1100,2501848,205,23,462169,18928,481097,256961,512649,993746,1.798595896,0.901531067,1.798595896,0.073660984,0.102708478,0.204908132
12/1/2021 13:00,1/12/2021,1300,2503148,778,40,518869,20660,539529,279268,521231,1060760,1.857960812,0.99546842,1.857960812,0.073979117,0.111566715,0.208230197
13/01/2021 13:00,1/13/2021,1300,2504448,895,59,534521,22367,556888,286978,528073,1084961,1.862585285,1.012210433,1.862585285,0.077939772,0.114587326,0.210854048
14/01/2021 13:00,1/14/2021,2225,2506673,773,54,574556,27048,601604,309516,538827,1140431,1.856304682,1.066308852,1.856304682,0.087388051,0.123476816,0.214957037
15/01/2021 13:00,1/15/2021,1995,2508668,815,49,612967,25417,638384,324790,549320,1187704,1.887271776,1.11586507,1.887271776,0.07825672,0.129467112,0.218968791
16/01/2021 13:00,1/16/2021,1610,2510278,703,38,590297,24760,615057,311248,555824,1170881,1.896548733,1.062021431,1.896548733,0.079550712,0.123989455,0.221419301
17/01/2021 13:00,1/17/2021,1466,2511744,175,21,486009,20152,506161,271393,560159,1066320,1.790794162,0.86762687,1.790794162,0.074253942,0.108049626,0.22301596
18/01/2021 13:00,1/18/2021,1019,2512763,349,35,548080,22524,570604,305225,566272,1136876,1.79565894,0.967874096,1.79565894,0.073794742,0.121469872,0.225358301
19/01/2021 13:00,1/19/2021,3598,2516361,837,55,644185,26661,670846,344202,583527,1254373,1.871531833,1.103950631,1.871531833,0.077457423,0.13678562,0.231893198
20/01/2021 13:00,1/20/2021,2057,2518418,1027,51,654449,25586,680035,347391,592212,1272247,1.883897395,1.105092433,1.883897395,0.073651879,0.137940167,0.235152385
21/01/2021 13:00,1/21/2021,1890,2520308,824,49,655518,24125,679643,349823,598638,1278281,1.873856207,1.095015686,1.873856207,0.068963447,0.138801686,0.237525731
22/01/2021 13:00,1/22/2021,1528,2521836,869,57,658442,24024,682466,348232,602697,1285163,1.89081417,1.092492579,1.89081417,0.06898849,0.138086696,0.238991354
23/01/2021 13:00,1/23/2021,1510,2523346,795,37,634679,23833,658512,331225,605016,1263528,1.916156691,1.049028455,1.916156691,0.07195411,0.131264202,0.239767357
24/01/2021 13:00,1/24/2021,1400,2524746,218,17,521028,20487,541515,287715,605751,1147266,1.810917053,0.8601356,1.810917053,0.071205881,0.113957998,0.239925521
25/01/2021 13:00,1/25/2021,16226,2540972,905,114,816671,93759,910430,461275,767765,1678195,1.770464473,1.063699179,1.770464473,0.203260528,0.181534861,0.302154058
26/01/2021 13:00,1/26/2021,20376,2561348,2346,231,1071781,63414,1135195,557435,859369,1994564,1.922701301,1.247172053,1.922701301,0.113760349,0.217633449,0.335514346
27/01/2021 13:00,1/27/2021,9796,2571144,2150,155,1075850,51541,1127391,549102,830621,1958012,1.959289895,1.295235733,1.959289895,0.093864164,0.213563301,0.323055029
28/01/2021 13:00,1/28/2021,8912,2580056,2125,166,1157312,68167,1225479,613262,936585,2162064,1.887141222,1.235672149,1.887141222,0.111154776,0.23769329,0.363009563
29/01/2021 13:00,1/29/2021,12777,2592833,3084,169,1290585,62786,1353371,639025,974704,2328075,2.019615821,1.3240789,2.019615821,0.098252807,0.246458218,0.375922398
30/01/2021 13:00,1/30/2021,8096,2600929,2044,155,1278839,54268,1333107,619131,981792,2314899,2.065538634,1.302555939,2.065538634,0.087651886,0.238042253,0.377477432
31/01/2021 13:00,1/31/2021,4792,2605721,639,84,1028106,40983,1069089,542329,919035,1988124,1.895723813,1.11867992,1.895723813,0.07556852,0.208130111,0.352698927
1/2/2021 13:00,2/1/2021,3289,2609010,610,74,922664,35018,957682,490794,915542,1873224,1.879941483,1.007778999,1.879941483,0.071349691,0.188115032,0.350915481
2/2/2021 13:00,2/2/2021,2834,2611844,1005,98,1009706,36745,1046451,524992,919144,1965595,1.923278831,1.098528631,1.923278831,0.069991543,0.201004348,0.35191382
3/2/2021 13:00,2/3/2021,2687,2614531,2014,128,1044758,37236,1081994,539091,924263,2006257,1.937999336,1.130368737,1.937999336,0.069071826,0.206190326,0.353510056
4/2/2021 13:00,2/4/2021,2201,2616732,1522,97,1020557,36856,1057413,530882,924574,1981987,1.922380115,1.103813216,1.922380115,0.06942409,0.202879775,0.35333156
5/2/2021 13:00,2/5/2021,2163,2618895,1290,62,1033456,37058,1070514,528189,923778.5,1994292.5,1.956602655,1.118727054,1.956602655,0.070160492,0.201683916,0.352735982
6/2/2021 13:00,2/6/2021,1774,2620669,3567,84,977327,34679,1012006,499144,922983,1934989,1.958006106,1.058878658,1.958006106,0.069476945,0.190464343,0.352193657
7/2/2021 13:00,2/7/2021,2156,2622825,423,27,836132,30943,867075,441935,915797,1782872,1.89197959,0.913010198,1.89197959,0.070017084,0.168495801,0.349164355
8/2/2021 13:00,2/8/2021,1674,2624499,256,34,698083,24868,722951,385670,910517,1633468,1.810052636,0.766688596,1.810052636,0.064479996,0.146949951,0.346929833
9/2/2021 13:00,2/9/2021,1296,2625795,418,33,832408,27843,860251,449218,917995,1778246,1.853015685,0.906767466,1.853015685,0.061981043,0.171078854,0.3496065
10/2/2021 13:00,2/10/2021,1587,2627382,1208,61,890909,31954,922863,470218,924662,1847525,1.894672258,0.963496932,1.894672258,0.067955714,0.178968266,0.351932837
11/2/2021 13:00,2/11/2021,1791,2629173,1394,77,884810,29968,914778,465242,924712,1839490,1.901827436,0.956849268,1.901827436,0.064413789,0.176953742,0.351712116
12/2/2021 13:00,2/12/2021,1315,2630488,1259,59,922744,30234,952978,478730,926024,1879002,1.927483132,0.996457975,1.927483132,0.063154597,0.181992847,0.35203506
13/02/2021 13:00,2/13/2021,869,2631357,1029,52,893550,28415,921965,456892,924998,1846963,1.955713823,0.966002089,1.955713823,0.06219194,0.173633604,0.351528888
14/02/2021 13:00,2/14/2021,1062,2632419,259,13,733073,24709,757782,399068,916562,1674344,1.836962623,0.799807323,1.836962623,0.061916766,0.151597447,0.348182413
15/02/2021 13:00,2/15/2021,24713,2657132,5795,860,1280175,112348,1392523,710488,1118638,2511161,1.801824943,1.144405071,1.801824943,0.158127935,0.26738905,0.420994516
16/02/2021 13:00,2/16/2021,28865,2685997,7551,861,1501846,56841,1558687,761030,1151190,2709877,1.973438629,1.304603063,1.973438629,0.074689565,0.283332409,0.428589459
17/02/2021 13:00,2/17/2021,15351,2701348,3774,422,1575253,49613,1624866,784965,1132751,2757617,2.006781194,1.390643663,2.006781194,0.063204092,0.290582702,0.419328054
18/02/2021 13:00,2/18/2021,16312,2717660,3773,352,1764438,52774,1817212,903383,1239074,3056286,1.953145012,1.423997275,1.953145012,0.05841819,0.332412075,0.455934149
19/02/2021 13:00,2/19/2021,8207,2725867,2797,189,1855167,48600,1903767,875124,1186056,3089823,2.119890438,1.564147899,2.119890438,0.055534987,0.321044277,0.435111471
20/02/2021 13:00,2/20/2021,4874,2730741,2332,99,1748980,44310,1793290,811563,1184481,2977771,2.155076069,1.476579194,2.155076069,0.054598349,0.297195157,0.43375809
21/02/2021 13:00,2/21/2021,3631,2734372,526,41,1402996,34417,1437413,711368,1170410,2607823,1.972250649,1.198721815,1.972250649,0.048381428,0.260157725,0.428036127
22/02/2021 13:00,2/22/2021,3590,2737962,592,51,1375626,35550,1411176,706568,1173617,2584793,1.946912399,1.172125148,1.946912399,0.050313629,0.258063479,0.428646197
23/02/2021 13:00,2/23/2021,2141,2740103,2276,96,1354900,35832,1390732,687554,1171288,2562020,1.970608854,1.156760763,1.970608854,0.052115179,0.250922684,0.427461303
24/02/2021 13:00,2/24/2021,3347,2743450,3657,91,1379455,46128,1425583,704119,1287698,2713281,1.959121967,1.071256615,1.959121967,0.065511654,0.256654577,0.469371776
25/02/2021 13:00,2/25/2021,3183,2746633,1419,92,1394879,40590,1435469,710571,1180357,2615826,1.963039584,1.18174332,1.963039584,0.057123074,0.258706205,0.429746894
26/02/2021 13:00,2/26/2021,2475,2749108,1689,92,1397983,40336,1438319,696849,1246024,2684343,2.006149108,1.121955115,2.006149108,0.057883415,0.253481857,0.453246653
27/02/2021 13:00,2/27/2021,2394,2751502,1170,59,1390526,40613,1431139,691210,1228252,2659391,2.011727261,1.132117839,2.011727261,0.058756384,0.251211884,0.446393279
28/02/2021 13:00,2/28/2021,8224,2759726,627,76,1318681,71189,1389870,701545,1241663,2631533,1.879681275,1.062028103,1.879681275,0.101474602,0.254208208,0.449922565
1/3/2021 13:00,3/1/2021,12978,2772704,2431,292,1520518,48199,1568717,807694,1234818,2803535,1.882542151,1.231370129,1.882542151,0.059674827,0.29130192,0.445347935
2/3/2021 13:00,3/2/2021,9358,2782062,2912,342,1580881,45954,1626835,805765,1251302,2878137,1.961962855,1.263388854,1.961962855,0.057031517,0.2896287,0.449775023
3/3/2021 13:00,3/3/2021,6399,2788461,2680,263,1573522,41690,1615212,815036,1260789,2876001,1.930616562,1.24804547,1.930616562,0.051151115,0.292288829,0.452145108
4/3/2021 13:00,3/4/2021,3681,2792142,0,0,1563893,38883,1602776,807011,1263982,2866758,1.937883127,1.23727474,1.937883127,0.048181499,0.289029355,0.452692592
5/3/2021 13:00,3/5/2021,4020,2796162,3435,260,1531868,34242,1566110,788296,1265891,2832001,1.943264966,1.210110507,1.943264966,0.043437998,0.281920718,0.452724484
6/3/2021 13:00,3/6/2021,3350,2799512,1165,69,1503010,30723,1533733,763491,1266754,2800487,1.968602118,1.186505036,1.968602118,0.04024016,0.272722889,0.452491006
7/3/2021 13:00,3/7/2021,2643,2802155,451,40,1438144,27514,1465658,731898,1258171,2723829,1.9649514,1.143043354,1.9649514,0.03759267,0.261191119,0.449001215
8/3/2021 13:00,3/8/2021,2936,2805091,681,64,1542372,34292,1576664,768315,1325907,2902571,2.007473497,1.163258057,2.007473497,0.044632735,0.273900205,0.472678783
9/3/2021 13:00,3/9/2021,2755,2807846,1421,98,1499506,35552,1535058,752534,1278845,2813903,1.992608972,1.172547103,1.992608972,0.047243048,0.268011137,0.45545411
10/3/2021 13:00,3/10/2021,2010,2809856,1269,82,1475483,34148,1509631,742377,1270239,2779870,1.987511736,1.161579041,1.987511736,0.045998192,0.264204643,0.452065515
11/3/2021 13:00,3/11/2021,1820,2811676,1244,83,1418345,33105,1451450,736489,1264676,2716126,1.925819666,1.121508592,1.925819666,0.044949755,0.261939498,0.449794358
12/3/2021 13:00,3/12/2021,1703,2813379,1367,76,1470258,33404,1503662,724380,1261266,2764928,2.029677793,1.165700177,2.029677793,0.046113918,0.257476863,0.448310022
13/03/2021 13:00,3/13/2021,1496,2814875,1093,57,1344223,30589,1374812,661487,1254171,2628983,2.03212308,1.071802011,2.03212308,0.046242783,0.234996936,0.445551223
14/03/2021 13:00,3/14/2021,1257,2816132,288,34,1113220,25873,1139093,576388,1238464,2377557,1.931372617,0.898871505,1.931372617,0.044888166,0.204673645,0.43977484
15/03/2021 13:00,3/15/2021,1375,2817507,363,31,1108794,27938,1136732,588538,1242956,2379688,1.883980304,0.892062149,1.883980304,0.047470172,0.208886083,0.441154538
16/03/2021 13:00,3/16/2021,894,2818401,993,55,1135917,28098,1164015,594123,1240704,2404719,1.911922279,0.915542305,1.911922279,0.047293237,0.210801444,0.440215569
17/03/2021 13:00,3/17/2021,1125,2819526,1014,61,1125647,27889,1153536,588024,1238123,2391659,1.914287512,0.909156037,1.914287512,0.047428336,0.208554204,0.43912452
18/03/2021 13:00,3/18/2021,1063,2820589,868,44,1106521,28071,1134592,584514,1233952,2368544,1.893061586,0.89672937,1.893061586,0.048024513,0.207231185,0.437480257
19/03/2021 13:00,3/19/2021,1096,2821685,880,49,1141591,27564,1169155,582603,1229904,2399059,1.959466395,0.928195209,1.959466395,0.047311806,0.206473437,0.435875727
20/03/2021 13:00,3/20/2021,1035,2822720,871,36,1105302,26028,1131330,556381,1224961,2356291,1.986591922,0.902316074,1.986591922,0.046780893,0.197108108,0.433964757
21/03/2021 13:00,3/21/2021,1313,2824033,287,13,910226,21630,931856,479192,1209602,2141458,1.899501661,0.752500409,1.899501661,0.045138483,0.16968357,0.428324315
22/03/2021 13:00,3/22/2021,1203,2825236,350,24,910606,22879,933485,492134,1213891,2147376,1.850321254,0.750154668,1.850321254,0.046489371,0.174192174,0.429660035
23/03/2021 13:00,3/23/2021,1190,2826426,923,54,948134,24644,972778,506548,1216460,2189238,1.87175549,0.779420614,1.87175549,0.048650868,0.179218561,0.430388059
24/03/2021 13:00,3/24/2021,1334,2827760,1072,64,978073,26936,1005009,517609,1290529,2295538,1.889598133,0.757885332,1.889598133,0.052039281,0.183045591,0.456378547
25/03/2021 13:00,3/25/2021,1195,2828955,907,65,985890,25595,1011485,522022,1171854,2183339,1.888598565,0.841307876,1.888598565,0.049030501,0.184528209,0.414235645
26/03/2021 13:00,3/26/2021,1153,2830108,894,42,1009677,26806,1036483,523382,1191213.5,2227696.5,1.929139711,0.847603725,1.929139711,0.051216893,0.184933579,0.420907435
27/03/2021 13:00,3/27/2021,772,2830880,759,35,962378,23831,986209,491183,1210573,2196782,1.959306409,0.794977255,1.959306409,0.048517559,0.173508944,0.427631337
28/03/2021 13:00,3/28/2021,939,2831819,259,19,802254,20161,822415,426384,1231104,2053519,1.881529326,0.651654125,1.881529326,0.047283669,0.150568945,0.43473965
29/03/2021 13:00,3/29/2021,963,2832782,297,25,800535,21567,822102,438349,1240280,2062382,1.826250317,0.645446996,1.826250317,0.049200523,0.154741523,0.437831079
30/03/2021 13:00,3/30/2021,948,2833730,851,35,838013,22369,860382,451950,1248264,2108646,1.854216174,0.671342761,1.854216174,0.049494413,0.159489436,0.440502094
31/03/2021 13:00,3/31/2021,931,2834661,757,49,878913,23778,902691,462849,1260010,2162701,1.898919518,0.697544464,1.898919518,0.051373126,0.163281959,0.444501124
1/4/2021 13:00,4/1/2021,878,2835539,779,38,934659,24625,959284,483762,1266251,2225535,1.932063701,0.738130908,1.932063701,0.05090313,0.170606717,0.44656448
2/4/2021 13:00,4/2/2021,916,2836455,562,19,597111,17954,615065,355999,1262585,1877650,1.677282801,0.472927367,1.677282801,0.050432726,0.125508425,0.445127809
3/4/2021 13:00,4/3/2021,656,2837111,158,13,618409,15608,634017,335266,1239163,1873180,1.844532401,0.499053797,1.844532401,0.046554079,0.118171619,0.436769305
4/4/2021 12:00,4/4/2021,663,2837774,164,16,600514,17115,617629,334594,1241514,1859143,1.794754239,0.483694908,1.794754239,0.051151545,0.117907205,0.437495727
5/4/2021 12:00,4/5/2021,565,2838339,133,18,429786,12996,442782,262450,1230418,1673200,1.637591922,0.349300807,1.637591922,0.049518003,0.092466051,0.433499311
6/4/2021 12:00,4/6/2021,723,2839062,263,34,731794,19258,751052,393473,1255721,2006773,1.859832822,0.582767987,1.859832822,0.048943638,0.138592606,0.442301366
7/4/2021 12:00,4/7/2021,1238,2840300,729,48,831680,22158,853838,436065,1268294,2122132,1.9072386,0.655747011,1.9072386,0.050813526,0.153527796,0.446535225
8/4/2021 12:00,4/8/2021,1164,2841464,805,41,821161,24132,845293,432945,1271286,2116579,1.896686646,0.645929397,1.896686646,0.055739182,0.152366878,0.447405281
9/4/2021 12:00,4/9/2021,1075,2842539,930,51,869764,29596,899360,453121,1275650,2175010,1.919496117,0.681820249,1.919496117,0.065315887,0.159407136,0.448771327
10/4/2021 12:00,4/10/2021,946,2843485,807,27,815371,25993,841364,422810,1274769,2116133,1.928457227,0.639622551,1.928457227,0.061476786,0.148694296,0.448312194
11/4/2021 12:00,4/11/2021,773,2844258,248,12,658493,23615,682108,352651,1267227,1949335,1.86726537,0.519633025,1.86726537,0.066964222,0.123986994,0.445538696
12/4/2021 12:00,4/12/2021,777,2845035,374,20,726775,32281,759056,401590,1377353,2136409,1.809743769,0.527660665,1.809743769,0.080382978,0.141154678,0.484125151
13/04/2021 12:00,4/13/2021,843,2845878,806,33,804767,35901,840668,433612,1374551,2215219,1.85596109,0.585476276,1.85596109,0.082795218,0.152364929,0.482997163
14/04/2021 12:00,4/14/2021,843,2846721,747,52,811425,31543,842968,431683,1330590,2173558,1.879677912,0.609823462,1.879677912,0.073069822,0.151642188,0.467411453
15/04/2021 12:00,4/15/2021,977,2847698,700,32,811956,36311,848267,434933,1289966,2138233,1.866853056,0.629439846,1.866853056,0.083486422,0.152731434,0.452985534
16/04/2021 12:00,4/16/2021,902,2848600,829,39,836640,30335,866975,429984,1289429,2156404,1.945746818,0.648845342,1.945746818,0.070549137,0.150945728,0.452653584
17/04/2021 12:00,4/17/2021,1163,2849763,713,24,789033,27790,816823,403888,1286469,2103292,1.95359357,0.613332307,1.95359357,0.068806204,0.141726873,0.451430172
18/04/2021 12:00,4/18/2021,1034,2850797,287,23,668750,23473,692223,351223,1277022,1969245,1.904060953,0.52367931,1.904060953,0.066832184,0.123201687,0.447952625
19/04/2021 12:00,4/19/2021,1175,2851972,275,23,679080,26601,705681,369736,1284847,1990528,1.836661834,0.528529856,1.836661834,0.071945929,0.129642227,0.450511786
20/04/2021 12:00,4/20/2021,2247,2854219,722,40,753455,27645,781100,395708,1288908,2070008,1.904068151,0.584568487,1.904068151,0.069862121,0.138639677,0.451579924
21/04/2021 12:00,4/21/2021,1845,2856064,698,56,767537,34023,801560,406016,1351780,2153340,1.890410723,0.567797275,1.890410723,0.08379719,0.142159279,0.473301719
22/04/2021 12:00,4/22/2021,1572,2857636,765,44,811944,30471,842415,423717,1297095,2139510,1.916241265,0.625971112,1.916241265,0.071913565,0.148275358,0.453904906
23/04/2021 12:00,4/23/2021,1558,2859194,757,38,815704,29274,844978,419034,1296298,2141276,1.946629629,0.629256544,1.946629629,0.06986068,0.146556687,0.453378819
24/04/2021 12:00,4/24/2021,1584,2860778,506,25,797607,28124,825731,404587,1294474,2120205,1.971410352,0.616163013,1.971410352,0.069512861,0.141425514,0.452490197
25/04/2021 12:00,4/25/2021,1438,2862216,177,15,573759,25380,599139,311922,1283744,1882883,1.839431012,0.446941914,1.839431012,0.081366495,0.108979197,0.448514019
26/04/2021 12:00,4/26/2021,1192,2863408,178,17,540194,21693,561887,302198,1277881,1839768,1.787549885,0.422726373,1.787549885,0.071784062,0.105537877,0.446279748
27/04/2021 12:00,4/27/2021,1380,2864788,261,15,659577,26636,686213,355975,1292388,1978601,1.8528745,0.510355249,1.8528745,0.074825479,0.124258758,0.45112867
28/04/2021 12:00,4/28/2021,1367,2866155,669,43,755662,28322,783984,389363,1298379,2082363,1.940764788,0.582004176,1.940764788,0.07273932,0.13584855,0.453003763
29/04/2021 12:00,4/29/2021,1342,2867497,675,32,749961,27375,777336,388423,1299289,2076625,1.930784222,0.577208766,1.930784222,0.070477289,0.13545716,0.453109105
30/04/2021 12:00,4/30/2021,1405,2868902,797,35,752259,27071,779330,389181,1299553,2078883,1.93292838,0.578859808,1.93292838,0.069558894,0.135655035,0.452979223
1/5/2021 12:00,5/1/2021,1336,2870238,618,25,721911,26284,748195,369823,1297133,2045328,1.952044627,0.556543546,1.952044627,0.071071837,0.128847503,0.451925241
2/5/2021 12:00,5/2/2021,1165,2871403,93,12,602367,22572,624939,317803,1288520,1913459,1.89541005,0.467487505,1.89541005,0.071025132,0.110678647,0.448742305
3/5/2021 12:00,5/3/2021,981,2872384,286,18,613423,24655,638078,338255,1298012,1936090,1.813492779,0.47258654,1.813492779,0.072888797,0.117761065,0.451893619
4/5/2021 12:00,5/4/2021,1338,2873722,479,27,662564,25370,687934,355889,1300661,1988595,1.86171531,0.509405602,1.86171531,0.071286272,0.123842529,0.452605019
5/5/2021 12:00,5/5/2021,1179,2874901,826,44,675542,24944,700486,359046,1302256,2002742,1.881491508,0.518747466,1.881491508,0.069472992,0.124889866,0.452974207
6/5/2021 12:00,5/6/2021,1130,2876031,674,38,682818,26846,709664,363638,1302359,2012023,1.87774105,0.524293225,1.87774105,0.073826168,0.126437441,0.452832045
7/5/2021 12:00,5/7/2021,1393,2877424,591,17,714596,28353,742949,374380,1303336,2046285,1.908745125,0.548282254,1.908745125,0.075733212,0.130109431,0.452952363
8/5/2021 12:00,5/8/2021,1288,2878712,758,25,679607,26006,705613,352438,1301205,2006818,1.928302283,0.522290492,1.928302283,0.073788865,0.122429059,0.45200944
9/5/2021 12:00,5/9/2021,939,2879651,177,9,561471,21242,582713,299247,1292770,1875483,1.876279461,0.434316236,1.876279461,0.070984839,0.103917801,0.448932874
10/5/2021 12:00,5/10/2021,1122,2880773,136,15,566919,23535,590454,317763,1302190,1892644,1.784093806,0.435358127,1.784093806,0.074064633,0.110304769,0.45202798
11/5/2021 12:00,5/11/2021,1448,2882221,768,46,612158,24559,636717,333154,1303359,1940076,1.837462555,0.469677196,1.837462555,0.07371666,0.115589332,0.452206475
12/5/2021 12:00,5/12/2021,1174,2883395,691,31,606910,24400,631310,330800,1303641,1934951,1.834673519,0.465549948,1.834673519,0.07376058,0.11472587,0.452120157
13/05/2021 12:00,5/13/2021,1215,2884610,607,34,624085,24878,648963,337524,1302858,1951821,1.849009256,0.479012295,1.849009256,0.073707351,0.117008538,0.451658283
14/05/2021 12:00,5/14/2021,1186,2885796,648,38,648952,24236,673188,342656,1301884,1975072,1.893887747,0.498471446,1.893887747,0.070729828,0.118738816,0.451135146
15/05/2021 12:00,5/15/2021,976,2886772,542,15,616120,22961,639081,322947,1298549,1937630,1.907805306,0.474468041,1.907805306,0.071098354,0.111871322,0.44982735
16/05/2021 12:00,5/16/2021,1038,2887810,147,9,537725,19999,557724,284900,1289290,1847014,1.887416637,0.417070636,1.887416637,0.07019656,0.098656075,0.446459428
17/05/2021 12:00,5/17/2021,1136,2888946,235,17,530052,25368,555420,295019,1298945,1854365,1.796670723,0.408063467,1.796670723,0.085987682,0.102119943,0.449625919
18/05/2021 12:00,5/18/2021,1248,2890194,612,27,551213,23832,575045,303896,1331697,1906742,1.813821176,0.413917731,1.813821176,0.078421565,0.105147267,0.46076388
19/05/2021 12:00,5/19/2021,1066,2891260,551,27,591489,24082,615571,322358,1371077,1986648,1.834882336,0.431404655,1.834882336,0.074705762,0.111493951,0.474214356
20/05/2021 12:00,5/20/2021,1032,2892292,493,22,600907,23142,624049,326557,1304588,1928637,1.840128982,0.460610553,1.840128982,0.070866648,0.112905958,0.451056809
21/05/2021 12:00,5/21/2021,1037,2893329,672,24,607924,23257,631181,326280,1303142,1934323,1.863197254,0.466506336,1.863197254,0.071279269,0.112769754,0.450395375
22/05/2021 12:00,5/22/2021,1056,2894385,566,19,576401,21427,597828,299730,1300029,1897857,1.923067427,0.443375494,1.923067427,0.071487672,0.103555678,0.44915552
23/05/2021 12:00,5/23/2021,855,2895240,160,9,489329,18529,507858,261315,1290406,1798264,1.872563764,0.379205459,1.872563764,0.07090676,0.090256766,0.445699148
24/05/2021 12:00,5/24/2021,1015,2896255,117,19,479751,20067,499818,268877,1298494,1798312,1.784276825,0.369467244,1.784276825,0.074632639,0.092836094,0.448335523
25/05/2021 12:00,5/25/2021,1161,2897416,645,41,520790,22023,542813,286602,1300515,1843328,1.817119211,0.400449053,1.817119211,0.076841753,0.098916414,0.448853392
26/05/2021 12:00,5/26/2021,1017,2898433,560,30,558668,24318,582986,301828,1303384,1886370,1.850948222,0.428628861,1.850948222,0.080569066,0.104134889,0.449685744
27/05/2021 12:00,5/27/2021,923,2899356,535,30,577132,25033,602165,313009,1304535,1906700,1.843819187,0.442404382,1.843819187,0.079975336,0.107958112,0.449939573
28/05/2021 12:00,5/28/2021,802,2900158,608,35,609982,29068,639050,324347,1307000,1946050,1.880646345,0.466703902,1.880646345,0.089620067,0.1118377,0.450665102
29/05/2021 12:00,5/29/2021,1054,2901212,506,23,585862,26866,612728,309943,1304612,1917340,1.890224977,0.449069915,1.890224977,0.086680454,0.106832248,0.449678272
30/05/2021 12:00,5/30/2021,813,2902025,136,6,474707,22112,496819,255175,1297379,1794198,1.860319389,0.365896935,1.860319389,0.086654257,0.08792998,0.447059898
31/05/2021 12:00,5/31/2021,827,2902852,219,23,449654,23102,472756,256187,1303456,1776212,1.755178834,0.344970601,1.755178834,0.090176317,0.088253552,0.449025992
1/6/2021 12:00,6/1/2021,916,2903768,617,29,507032,24411,531443,281826,1306235,1837678,1.799095896,0.388162926,1.799095896,0.086617274,0.097055274,0.449841379
2/6/2021 12:00,6/2/2021,844,2904612,632,35,553361,29310,582671,300753,1329251,1911922,1.839918471,0.416295342,1.839918471,0.097455387,0.103543262,0.457634617
3/6/2021 12:00,6/3/2021,911,2905523,551,22,572370,27105,599475,309351,1418055,2017530,1.850228381,0.403630325,1.850228381,0.087618918,0.106469988,0.48805499
4/6/2021 12:00,6/4/2021,977,2906500,622,24,591866,25711,617577,313616,1428554,2046131,1.887231519,0.414311255,1.887231519,0.081982424,0.1079016,0.491503183
5/6/2021 12:00,6/5/2021,1078,2907578,577,25,605398,43817,649215,318045,1436614,2085829,1.903497933,0.421406168,1.903497933,0.137769812,0.109384856,0.494093022
6/6/2021 12:00,6/6/2021,787,2908365,154,24,520352,25166,545518,271170,1424433,1969951,1.918914334,0.365304651,1.918914334,0.092805251,0.093237953,0.489771057
7/6/2021 12:00,6/7/2021,843,2909208,116,8,405736,22152,427888,224634,1424498,1852386,1.806209211,0.284827357,1.806209211,0.098613745,0.07721483,0.489651479
8/6/2021 12:00,6/8/2021,1050,2910258,277,21,473156,26048,499204,266503,1435934,1935138,1.775424667,0.329510966,1.775424667,0.097739988,0.091573668,0.493404365
9/6/2021 12:00,6/9/2021,716,2910974,725,41,552500,27004,579504,297801,1438991,2018495,1.855265765,0.383949587,1.855265765,0.090678003,0.102302872,0.494333168
10/6/2021 12:00,6/10/2021,938,2911912,613,42,557210,26460,583670,299793,1439912,2023582,1.858649135,0.386975037,1.858649135,0.0882609,0.102954004,0.494490218
11/6/2021 12:00,6/11/2021,1189,2913101,669,39,570897,25596,596493,306013,1440168,2036661,1.865597213,0.396410002,1.865597213,0.083643505,0.105047165,0.494376268
12/6/2021 12:00,6/12/2021,1113,2914214,482,20,539623,22935,562558,286327,1439058,2001616,1.884638892,0.374983496,1.884638892,0.080100724,0.098251879,0.493806563
13/06/2021 12:00,6/13/2021,889,2915103,117,16,449560,20423,469983,242941,1432431,1902414,1.850490448,0.313844087,1.850490448,0.084065678,0.083338736,0.491382637
14/06/2021 12:00,6/14/2021,897,2916000,193,20,445535,22488,468023,252590,1439201,1907224,1.763866345,0.309571075,1.763866345,0.089029653,0.086622085,0.493553155
15/06/2021 12:00,6/15/2021,1002,2917002,543,41,473078,23829,496907,265104,1441218,1938125,1.784499668,0.328248745,1.784499668,0.089885479,0.090882351,0.494075081
16/06/2021 12:00,6/16/2021,907,2917909,546,27,504920,23881,528801,276758,1442094,1970895,1.824409773,0.350129742,1.824409773,0.086288382,0.094848057,0.494221718
17/06/2021 12:00,6/17/2021,972,2918881,516,19,518731,25011,543742,283107,1442938,1986680,1.832278962,0.359496389,1.832278962,0.088344689,0.096991621,0.494346292
18/06/2021 12:00,6/18/2021,1038,2919919,496,31,531543,24685,556228,286469,1442705,1998933,1.855499199,0.368434988,1.855499199,0.086169882,0.098108543,0.494090761
19/06/2021 12:00,6/19/2021,1122,2921041,473,31,509660,24290,533950,271606,1441336,1975286,1.876468119,0.353602491,1.876468119,0.089431014,0.092982604,0.493432307
20/06/2021 12:00,6/20/2021,1057,2922098,142,12,415325,19518,434843,226835,1435191,1870034,1.830956422,0.289386569,1.830956422,0.086044923,0.077627444,0.491150879
21/06/2021 12:00,6/21/2021,1003,2923101,211,14,413341,22459,435800,237887,1441967,1877767,1.737551863,0.286650804,1.737551863,0.094410371,0.081381724,0.493300437
22/06/2021 12:00,6/22/2021,1246,2924347,542,25,471798,23751,495549,262074,1444165,1939714,1.800247258,0.326692587,1.800247258,0.090627075,0.089617956,0.493841873
23/06/2021 12:00,6/23/2021,1237,2925584,592,40,572862,67641,640503,318622,1446423,2086926,1.797936112,0.396054266,1.797936112,0.212292309,0.108908854,0.494404878
24/06/2021 12:00,6/24/2021,6113,2931697,1790,176,895994,106825,1002819,482433,1475236,2478055,1.85724028,0.607356382,1.85724028,0.221429711,0.164557592,0.50320207
25/06/2021 12:00,6/25/2021,3685,2935382,1243,87,962110,55495,1017605,491460,1482381,2499986,1.957656778,0.649030175,1.957656778,0.112918651,0.16742625,0.505004459
26/06/2021 12:00,6/26/2021,2653,2938035,696,40,942648,48511,991159,475317,1476297,2467456,1.983198581,0.638521923,1.983198581,0.102060309,0.161780578,0.502477676
27/06/2021 12:00,6/27/2021,2333,2940368,245,30,792288,39650,831938,399592,1472625,2304563,1.982742397,0.538010695,1.982742397,0.099226211,0.135898636,0.500830168
28/06/2021 12:00,6/28/2021,1871,2942239,346,30,755363,48068,803431,404930,1481350,2284781,1.865416245,0.50991528,1.865416245,0.118706937,0.137626481,0.503477114
29/06/2021 12:00,6/29/2021,2797,2945036,858,82,806839,50387,857226,430272,1486958,2344184,1.875183605,0.542610484,1.875183605,0.117104994,0.146100761,0.504903166
30/06/2021 12:00,6/30/2021,1844,2946880,833,49,806349,39896,846245,434548,1494143,2340388,1.855603984,0.539673244,1.855603984,0.091810341,0.147460365,0.507025396
1/7/2021 12:00,7/1/2021,985,2947865,630,52,858813,38574,897387,448953,1495931,2393318,1.91292407,0.57409934,1.91292407,0.085919907,0.15229768,0.507462519
2/7/2021 12:00,7/2/2021,994,2948859,734,40,845153,35533,880686,436388,1493706,2374392,1.936700826,0.56580947,1.936700826,0.081425245,0.147985373,0.506536935
3/7/2021 12:00,7/3/2021,881,2949740,580,28,815303,33307,848610,418608,1491864,2340474,1.947652697,0.546499547,1.947652697,0.079566086,0.141913525,0.505761186
4/7/2021 12:00,7/4/2021,752,2950492,0,0,704119,29384,733503,356799,1484382,2217885,1.973433222,0.474351616,1.973433222,0.082354491,0.120928645,0.503096433
5/7/2021 12:00,7/5/2021,835,2951327,390,44,660709,31315,692024,357404,1491245,2183269,1.848633479,0.443058652,1.848633479,0.087617934,0.121099424,0.50527949
6/7/2021 12:00,7/6/2021,1066,2952393,666,33,695829,31712,727541,371356,1493789,2221330,1.873751872,0.465814784,1.873751872,0.085395146,0.125781358,0.505958726
7/7/2021 12:00,7/7/2021,1082,2953475,577,33,703954,33116,737070,372903,1495009,2232079,1.88776706,0.470869406,1.88776706,0.088805936,0.126259068,0.506186441
8/7/2021 12:00,7/8/2021,1077,2954552,607,32,720651,31668,752319,380327,1494760,2247079,1.894819458,0.4821182,1.894819458,0.08326519,0.128725776,0.505917648
9/7/2021 12:00,7/9/2021,1105,2955657,616,20,726833,31573,758406,379057,1494548,2252954,1.917476791,0.486322955,1.917476791,0.083293542,0.128247967,0.50565678
10/7/2021 12:00,7/10/2021,1152,2956809,583,29,719153,30275,749428,367985,1492946,2242374,1.954299768,0.481700611,1.954299768,0.082272375,0.124453423,0.504917971
11/7/2021 12:00,7/11/2021,1100,2957909,136,14,628467,26973,655440,324897,1485271,2140711,1.934357658,0.423132883,1.934357658,0.083020157,0.109840093,0.502135461
12/7/2021 12:00,7/12/2021,1009,2958918,257,23,590872,29059,619931,321561,1491288,2111219,1.83751139,0.396215889,1.83751139,0.090368546,0.108675198,0.503997745
13/07/2021 12:00,7/13/2021,1126,2960044,587,42,657427,30418,687845,346003,1493767,2181612,1.90006156,0.440113485,1.90006156,0.087912533,0.116891168,0.504643512
14/07/2021 12:00,7/14/2021,1117,2961161,521,29,674460,29295,703755,352810,1494486,2198241,1.911680508,0.451298975,1.911680508,0.083033361,0.119145835,0.504695962
15/07/2021 12:00,7/15/2021,1140,2962301,598,39,696163,30319,726482,361282,1495008,2221490,1.92692412,0.465658378,1.92692412,0.083920594,0.121959922,0.504677951
16/07/2021 12:00,7/16/2021,1190,2963491,596,28,701189,29638,730827,359956,1495096,2225923,1.947985309,0.468992627,1.947985309,0.082337841,0.121463504,0.504504991
17/07/2021 12:00,7/17/2021,973,2964464,423,26,626834,26242,653076,325928,1493082,2146158,1.923228443,0.419825569,1.923228443,0.080514715,0.109945002,0.503660021
18/07/2021 12:00,7/18/2021,818,2965282,139,12,499981,22639,522620,272182,1486125,2008745,1.836936315,0.336432669,1.836936315,0.083175963,0.091789584,0.50117493
19/07/2021 12:00,7/19/2021,853,2966135,232,30,547625,26660,574285,301763,1492538,2066823,1.814751974,0.366908581,1.814751974,0.088347478,0.101736098,0.503192876
20/07/2021 12:00,7/20/2021,688,2966823,608,33,624223,29027,653250,331297,1494995,2148245,1.884179452,0.417541865,1.884179452,0.087616248,0.111667262,0.503904345
21/07/2021 12:00,7/21/2021,791,2967614,579,51,648987,29171,678158,339050,1495447,2173605,1.914133609,0.43397526,1.914133609,0.086037458,0.114250034,0.503922343
22/07/2021 12:00,7/22/2021,753,2968367,523,31,626865,28713,655578,332190,1495777,2151355,1.887067642,0.419089878,1.887067642,0.086435474,0.111910017,0.503905683
23/07/2021 12:00,7/23/2021,847,2969214,593,32,641843,28028,669871,336052,1495497,2165368,1.909951436,0.429183743,1.909951436,0.083403759,0.113178774,0.503667637
24/07/2021 12:00,7/24/2021,789,2970003,493,19,642109,28840,670949,330367,1493283,2164232,1.943623304,0.429998199,1.943623304,0.087296855,0.111234568,0.502788381
25/07/2021 12:00,7/25/2021,523,2970526,135,16,543427,25107,568534,288663,1486250,2054784,1.882565483,0.365636333,1.882565483,0.086976855,0.097175719,0.500332264
26/07/2021 12:00,7/26/2021,448,2970974,212,20,512563,27196,539759,287874,1493397,2033156,1.780511613,0.343219519,1.780511613,0.094471887,0.096895496,0.502662427
27/07/2021 12:00,7/27/2021,619,2971593,565,34,551290,27592,578882,302950,1494941,2073823,1.819739231,0.368770406,1.819739231,0.091077736,0.101948685,0.503077306
28/07/2021 12:00,7/28/2021,526,2972119,667,31,581011,26891,607902,314754,1495321,2103223,1.845920941,0.388552692,1.845920941,0.085434975,0.10590222,0.503116127
29/07/2021 12:00,7/29/2021,546,2972665,544,32,602634,26973,629607,324684,1495060,2124667,1.856063126,0.403083488,1.856063126,0.08307462,0.109223205,0.502935918
30/07/2021 12:00,7/30/2021,511,2973176,569,37,618318,27893,646211,327969,1494077,2140288,1.885294037,0.41384614,1.885294037,0.085047672,0.110309312,0.502518855
31/07/2021 12:00,7/31/2021,520,2973696,556,20,586693,24576,611269,308199,1492106,2103375,1.903617468,0.393197936,1.903617468,0.079740687,0.103641731,0.50176817
1/8/2021 12:00,8/1/2021,477,2974173,118,12,503805,23243,527048,270476,1484584,2011632,1.862660643,0.339357692,1.862660643,0.085933687,0.090941583,0.49915859
2/8/2021 12:00,8/2/2021,444,2974617,194,15,499638,24490,524128,280499,1491811,2015939,1.781246992,0.334920442,1.781246992,0.087308689,0.094297518,0.50151364
3/8/2021 12:00,8/3/2021,457,2975074,592,36,531151,24865,556016,291182,1494080,2050096,1.82412031,0.355503721,1.82412031,0.085393328,0.097873868,0.502199273
4/8/2021 12:00,8/4/2021,425,2975499,669,30,541070,24438,565508,295337,1494971,2060479,1.832042717,0.361926753,1.832042717,0.082746151,0.099256293,0.502426988
5/8/2021 12:00,8/5/2021,479,2975978,650,41,569028,27075,596103,307787,1497332,2093435,1.84877204,0.380027943,1.84877204,0.087966678,0.103423816,0.503139472
6/8/2021 12:00,8/6/2021,463,2976441,592,33,575775,25459,601234,304886,1500805,2102039,1.888492748,0.383644111,1.888492748,0.083503342,0.102433074,0.504228036
7/8/2021 12:00,8/7/2021,395,2976836,499,21,572808,23650,596458,297187,1502392,2098850,1.927432896,0.381264011,1.927432896,0.079579524,0.099833179,0.504694246
8/8/2021 12:00,8/8/2021,302,2977138,121,12,476162,20587,496749,255614,1497827,1994576,1.862816591,0.317901867,1.862816591,0.080539407,0.085858969,0.503109698
9/8/2021 12:00,8/9/2021,361,2977499,182,15,439338,23595,462933,249782,1506839,1969772,1.758885748,0.291562669,1.758885748,0.094462371,0.083889869,0.506075401
10/8/2021 12:00,8/10/2021,439,2977938,700,36,522289,26051,548340,286612,1510613,2058953,1.822285878,0.345746396,1.822285878,0.090892914,0.09624512,0.507268116
11/8/2021 12:00,8/11/2021,430,2978368,605,39,579732,25324,605056,308090,1513447,2118503,1.881696907,0.383054048,1.881696907,0.082196761,0.103442556,0.508146408
12/8/2021 12:00,8/12/2021,605,2978973,694,42,615578,28979,644557,327015,1516064,2160621,1.88241518,0.406036948,1.88241518,0.08861673,0.109774409,0.508921699
13/08/2021 12:00,8/13/2021,616,2979589,864,44,644052,27672,671724,335099,1519130,2190854,1.921975297,0.423961083,1.921975297,0.082578581,0.11246484,0.509845485
14/08/2021 12:00,8/14/2021,571,2980160,594,26,625289,27150,652439,322433,1519903,2172342,1.93928351,0.411400596,1.93928351,0.08420354,0.108193184,0.510007181
15/08/2021 12:00,8/15/2021,446,2980606,147,17,529866,22907,552773,280163,1514023,2066796,1.891277578,0.349972226,1.891277578,0.081763116,0.093995315,0.507958113
16/08/2021 12:00,8/16/2021,465,2981071,208,18,527885,25779,553664,291638,1521423,2075087,1.810069333,0.346967937,1.810069333,0.088393831,0.097829941,0.510361209
17/08/2021 12:00,8/17/2021,489,2981560,297,41,557433,25326,582759,303032,1525306,2108065,1.839518599,0.365456505,1.839518599,0.083575332,0.101635386,0.511579844
18/08/2021 12:00,8/18/2021,15021,2996581,1541,182,762056,255338,1017394,502653,1580427,2597821,1.516067745,0.482183612,1.516067745,0.507980655,0.16774217,0.527410072
19/08/2021 12:00,8/19/2021,21294,3017875,2525,505,499135,227713,726848,389142,1638387,2365235,1.282655175,0.304650244,1.282655175,0.585166854,0.128945699,0.542894255
20/08/2021 12:00,8/20/2021,16516,3034391,1794,266,556302,168733,725035,430357,1681791,2406826,1.292652379,0.330779508,1.292652379,0.392076811,0.141826482,0.554243339
21/08/2021 12:00,8/21/2021,15474,3049865,2044,182,561158,159855,721013,450557,1721371,2442384,1.245476155,0.325994803,1.245476155,0.354794177,0.147730145,0.564408916
22/08/2021 12:00,8/22/2021,10081,3059946,3788,115,479134,142760,621894,392055,1748434,2370328,1.222109143,0.27403608,1.222109143,0.364132583,0.12812481,0.571393744
23/08/2021 12:00,8/23/2021,31525,3091471,2548,549,581005,178820,759825,455810,1804609,2564434,1.274664882,0.321956169,1.274664882,0.392312586,0.147441137,0.583737968
24/08/2021 12:00,8/24/2021,23943,3115414,3895,629,706575,132542,839117,527780,1848914,2688031,1.338768047,0.382156769,1.338768047,0.251131153,0.169409266,0.59347297
25/08/2021 12:00,8/25/2021,15425,3130839,6370,567,746136,166558,912694,549132,1876247,2788941,1.358755272,0.39767472,1.358755272,0.303311408,0.175394519,0.599279299
26/08/2021 12:00,8/26/2021,11948,3142787,3783,366,753964,123498,877462,551133,1898203,2775665,1.368025504,0.397198824,1.368025504,0.224080213,0.175364414,0.603987162
27/08/2021 12:00,8/27/2021,9675,3152462,11095,321,735561,129436,864997,547638,1912800,2777797,1.343151863,0.384546738,1.343151863,0.236353211,0.173717558,0.606763856
28/08/2021 12:00,8/28/2021,8528,3160990,4949,469,672592,124970,797562,514771,1926154,2723716,1.30658487,0.349189109,1.30658487,0.242768144,0.162851195,0.609351501
29/08/2021 12:00,8/29/2021,6242,3167232,1586,348,571521,109220,680741,454573,1929219,2609960,1.257270009,0.29624475,1.257270009,0.24026944,0.143523746,0.609118309
30/08/2021 12:00,8/30/2021,5295,3172527,2004,411,606465,126450,732915,472036,1942930,2675845,1.284785482,0.312139398,1.284785482,0.267882111,0.148788647,0.612423472
31/08/2021 12:00,8/31/2021,5930,3178457,6921,1025,687118,106801,793919,506368,1954689,2748608,1.356953836,0.351522928,1.356953836,0.210915777,0.159312522,0.614980476
1/9/2021 12:00,9/1/2021,12152,3190609,11258,1585,986672,108022,1094694,670370,1970029,3064723,1.471831973,0.500841358,1.471831973,0.161137879,0.210107224,0.617446074
2/9/2021 12:00,9/2/2021,9285,3199894,6394,587,1191159,107969,1299128,758220,1988868,3287996,1.570993907,0.59891305,1.570993907,0.142397985,0.236951599,0.621541839
3/9/2021 12:00,9/3/2021,6240,3206134,3408,362,1177374,94952,1272326,752324,1999219,3271545,1.56498264,0.588916972,1.56498264,0.126211579,0.234651452,0.62356065
4/9/2021 12:00,9/4/2021,4423,3210557,1783,170,1064385,76770,1141155,715601,2006506,3147661,1.487400101,0.530466891,1.487400101,0.107280454,0.222889985,0.624971306
5/9/2021 12:00,9/5/2021,3093,3213650,417,70,856498,67955,924453,616174,2003733,2928186,1.390026194,0.427451162,1.390026194,0.110285406,0.191736499,0.623506916
6/9/2021 12:00,9/6/2021,3231,3216881,1174,186,911385,80687,992072,633848,2011630,3003702,1.437860497,0.453057968,1.437860497,0.127297081,0.197038063,0.625335535
7/9/2021 12:00,9/7/2021,9227,3226108,4672,737,1022898,106012,1128910,673829,2024796,3153706,1.518037959,0.505185708,1.518037959,0.157327749,0.208867465,0.627628089
8/9/2021 12:00,9/8/2021,9146,3235254,-6671,788,1628519,95474,1723993,882600,2040623,3764616,1.845138228,0.798049909,1.845138228,0.108173578,0.272807019,0.630745839
9/9/2021 12:00,9/9/2021,13916,3249170,4265,653,2554276,115351,2669627,1157290,2062795,4732422,2.207118354,1.23825974,2.207118354,0.099673375,0.356180194,0.634868289
10/9/2021 12:00,9/10/2021,9516,3258686,2412,368,2654392,100302,2754694,1173491,2078535,4833229,2.261961958,1.27704946,2.261961958,0.085473174,0.360111714,0.637844518
11/9/2021 12:00,9/11/2021,6850,3265536,5380,352,2607197,94584,2701781,1147647,2085939,4787720,2.271776077,1.249891296,2.271776077,0.082415586,0.351442152,0.638773849
12/9/2021 12:00,9/12/2021,6023,3271559,779,110,2205680,76144,2281824,1028200,2085707,4367531,2.145185762,1.057521502,2.145185762,0.074055631,0.314284413,0.637526941
13/09/2021 12:00,9/13/2021,3330,3274889,773,84,2151180,84905,2236085,1043326,2070865,4306950,2.061848358,1.03878331,2.061848358,0.081379166,0.318583622,0.632346623
14/09/2021 12:00,9/14/2021,4378,3279267,2337,258,2344173,86142,2430315,1094139,2105551,4535866,2.142481897,1.113329955,2.142481897,0.078730399,0.333653527,0.64207977
15/09/2021 12:00,9/15/2021,4306,3283573,2238,178,2464824,75637,2540461,1145109,2113827,4654288,2.152479808,1.16604812,2.152479808,0.066052227,0.348738706,0.643758187
16/09/2021 12:00,9/16/2021,3797,3287370,2546,171,2484976,71274,2556250,1137270,2119341,4675591,2.185036095,1.172522968,2.185036095,0.062671134,0.345951323,0.644691957
17/09/2021 12:00,9/17/2021,3358,3290728,1728,95,2531396,72040,2603436,1144091,2123889,4727325,2.21258274,1.191868313,2.21258274,0.062967019,0.347671093,0.645416151
18/09/2021 12:00,9/18/2021,3437,3294165,1394,107,2607402,66812,2674214,1167530,2127948,4802162,2.233263385,1.225312837,2.233263385,0.057225082,0.354423655,0.645974928
19/09/2021 12:00,9/19/2021,2895,3297060,453,56,2158689,54956,2213645,996217,2112023,4325668,2.166886331,1.022095403,2.166886331,0.055164688,0.30215313,0.640577666
20/09/2021 12:00,9/20/2021,2897,3299957,947,102,2133760,71069,2204829,1031020,2131212,4336041,2.069562181,1.001195564,2.069562181,0.068930768,0.312434374,0.645830234
21/09/2021 12:00,9/21/2021,3248,3303205,3682,430,2325940,74804,2400744,1094298,2138087,4538831,2.125508774,1.087860316,2.125508774,0.068357979,0.331283708,0.647276509
22/09/2021 12:00,9/22/2021,4591,3307796,6672,725,2516749,74213,2590962,1178154,2144832,4735794,2.13617999,1.17340146,2.13617999,0.062990916,0.356174927,0.648417254
23/09/2021 12:00,9/23/2021,2778,3310574,4331,426,2580164,72117,2652281,1228024,2152121,4804402,2.101069686,1.198893557,2.101069686,0.058726051,0.370939903,0.650074881
24/09/2021 12:00,9/24/2021,3221,3313795,2349,227,2694064,68087,2762151,1226744,2153920,4916071,2.196109376,1.250772545,2.196109376,0.055502207,0.370193087,0.649985892
25/09/2021 12:00,9/25/2021,2667,3316462,1406,115,2724593,62505,2787098,1225187,2157980,4945078,2.223818078,1.262566382,2.223818078,0.051016702,0.369425912,0.650687389
26/09/2021 13:00,9/26/2021,2435,3318897,525,76,2358402,54487,2412889,1094535,2150668,4563557,2.154706793,1.096590455,2.154706793,0.049780957,0.329788782,0.648006853
27/09/2021 13:00,9/27/2021,2130,3321027,877,94,2205369,60666,2266035,1076583,2159272,4425307,2.048489527,1.021348399,2.048489527,0.056350509,0.32417171,0.650182007
28/09/2021 13:00,9/28/2021,2151,3323178,2526,168,2367141,59962,2427103,1129394,2161062,4588165,2.095939061,1.095360059,2.095939061,0.053092189,0.339853598,0.650299803
29/09/2021 13:00,9/29/2021,2153,3325331,1734,111,2482112,58540,2540652,1177423,2163416,4704068,2.108088597,1.147311474,2.108088597,0.04971875,0.354076932,0.650586663
30/09/2021 13:00,9/30/2021,2185,3327516,1970,143,2555877,64351,2620228,1191633,2170807,4791035,2.144852484,1.177385645,2.144852484,0.054002365,0.358114882,0.652380635
1/10/2021 13:00,10/1/2021,2125,3329641,1592,135,2620584,59868,2680452,1203713,2171998,4852450,2.17708374,1.206531498,2.17708374,0.049736108,0.361514349,0.652321977
2/10/2021 13:00,10/2/2021,1937,3331578,1095,88,2603426,55321,2658747,1202486,2171360,4830107,2.165036433,1.198984047,2.165036433,0.046005525,0.360935869,0.651751212
3/10/2021 13:00,10/3/2021,1888,3333466,640,61,2129147,54472,2183619,1032070,2161356,4344975,2.062987007,0.985097781,2.062987007,0.052779366,0.309608678,0.648380994
4/10/2021 13:00,10/4/2021,2885,3336351,788,94,2171566,79653,2251219,1066084,2175137,4426356,2.036955812,0.998358264,2.036955812,0.074715501,0.319535924,0.651950889
5/10/2021 13:00,10/5/2021,2847,3339198,1965,185,2320210,69074,2389284,1121002,2181836,4571120,2.069764372,1.063420899,2.069764372,0.061618088,0.335709952,0.653401206
6/10/2021 13:00,10/6/2021,3030,3342228,2041,158,2472483,70802,2543285,1160298,2185260,4728545,2.13090344,1.131436534,2.13090344,0.061020531,0.34716303,0.653833311
7/10/2021 13:00,10/7/2021,2093,3344321,1759,150,2548597,68119,2616716,1187988,2188039,4804755,2.14530534,1.164785911,2.14530534,0.057339805,0.35522547,0.654255079
8/10/2021 13:00,10/8/2021,2872,3347193,4854,172,2603293,66709,2670002,1206057,2191056,4861058,2.158515725,1.188145351,2.158515725,0.055311648,0.36031893,0.654595059
9/10/2021 13:00,10/9/2021,2660,3349853,1956,130,2592409,70828,2663237,1187664,2191967,4855204,2.18277981,1.182686144,2.18277981,0.059636395,0.354542125,0.654347221
10/10/2021 13:00,10/10/2021,2384,3352237,635,62,2091790,64782,2156572,1028063,2182913,4339485,2.034690481,0.958256238,2.034690481,0.063013648,0.306679689,0.651180988
11/10/2021 13:00,10/11/2021,2429,3354666,863,133,2172073,76084,2248157,1089182,2194367,4442524,1.994224106,0.98984035,1.994224106,0.069854258,0.324676734,0.654123838
12/10/2021 13:00,10/12/2021,2870,3357536,2277,177,2270009,69105,2339114,1094745,2199507,4538621,2.073550462,1.032053547,2.073550462,0.063124289,0.326056072,0.655095582
13/10/2021 13:00,10/13/2021,2465,3360001,2101,130,2345433,62191,2407624,1121139,2204172,4611796,2.092009109,1.064088011,2.092009109,0.055471266,0.333672222,0.656003376
14/10/2021 13:00,10/14/2021,2437,3362438,1993,134,2444234,67446,2511680,1170071,2207006,4718686,2.088962123,1.107488607,2.088962123,0.057642656,0.347982922,0.656370764
15/10/2021 13:00,10/15/2021,2336,3364774,1772,123,2597981,65611,2663592,1202839,2209149,4872741,2.159874264,1.176009857,2.159874264,0.054546785,0.357479878,0.656551971
16/10/2021 13:00,10/16/2021,2269,3367043,1294,70,2559589,89153,2648742,1197057,2209499,4858241,2.138234854,1.158447684,2.138234854,0.074476821,0.355521744,0.656213479
17/10/2021 13:00,10/17/2021,2100,3369143,482,35,2046597,61681,2108278,1023566,2203644,4311922,1.999477318,0.928733044,1.999477318,0.060260892,0.303806042,0.654066628
18/10/2021 13:00,10/18/2021,1974,3371117,824,86,2000588,62040,2062628,1018201,2215093,4277721,1.964826198,0.903162079,1.964826198,0.060930995,0.302036684,0.657079834
19/10/2021 13:00,10/19/2021,1939,3373056,1876,119,2205046,59983,2265029,1090311,2219179,4484208,2.022400948,0.993631429,2.022400948,0.055014578,0.323241298,0.657913477
20/10/2021 13:00,10/20/2021,1881,3374937,1896,126,2379857,62345,2442202,1146992,2221385,4663587,2.074868003,1.071339277,2.074868003,0.054355218,0.339855825,0.658200435
21/10/2021 13:00,10/21/2021,1916,3376853,1832,103,2491922,58964,2550886,1189331,2223676,4774562,2.095230007,1.120631783,2.095230007,0.049577452,0.352200999,0.658505419
22/10/2021 13:00,10/22/2021,2026,3378879,1859,146,2526690,61282,2587972,1180162,2224581,4812553,2.140968782,1.1358049,2.140968782,0.051926769,0.349276195,0.658378415
23/10/2021 13:00,10/23/2021,1674,3380553,1547,110,2535142,59556,2594698,1162240,2221221,4815919,2.181255162,1.141328125,2.181255162,0.051242428,0.343801739,0.657058475
24/10/2021 13:00,10/24/2021,2299,3382852,541,47,2054636,54248,2108884,990569,2209275,4318159,2.074197759,0.93000464,2.074197759,0.054764484,0.292820673,0.653080596
25/10/2021 13:00,10/25/2021,1819,3384671,565,72,1735358,51237,1786595,888804,2208517,3995112,1.95246421,0.785757139,1.95246421,0.05764713,0.262596867,0.652505665
26/10/2021 13:00,10/26/2021,1889,3386560,899,86,2098703,67303,2166006,1052607,2228014,4394020,1.993814406,0.941961316,1.993814406,0.063939343,0.310818943,0.657898871
27/10/2021 13:00,10/27/2021,2292,3388852,1826,126,2355451,63751,2419202,1139601,2233964,4653166,2.066908506,1.054381807,2.066908506,0.055941509,0.336279365,0.659209667
28/10/2021 13:00,10/28/2021,2735,3391587,2071,143,2529045,82979,2612024,1181674,2237257,4849281,2.140222261,1.130422209,2.140222261,0.070221567,0.348413294,0.659649008
29/10/2021 13:00,10/29/2021,4340,3395927,2299,159,2630750,74077,2704827,1208648,2243351,4948178,2.176605596,1.172687645,2.176605596,0.061289143,0.355911066,0.660600478
30/10/2021 13:00,10/30/2021,2846,3398773,2484,108,2660984,63966,2724950,1219656,2243869,4968819,2.181749608,1.185890977,2.181749608,0.052445936,0.358851856,0.660199725
31/10/2021 13:00,10/31/2021,2362,3401135,1124,68,2099469,58752,2158221,1024185,2234999,4393220,2.049892353,0.939360152,2.049892353,0.057364636,0.301130358,0.657133281
1/11/2021 13:00,11/1/2021,2206,3403341,1741,80,2131540,63988,2195528,1066255,2246461,4441989,1.999090274,0.948843537,1.999090274,0.060011911,0.313296552,0.660075203
2/11/2021 13:00,11/2/2021,2221,3405562,2307,127,2287546,59660,2347206,1116534,2250224,4597430,2.048792065,1.016585904,2.048792065,0.053433214,0.327856019,0.660749679
3/11/2021 13:00,11/3/2021,2109,3407671,4294,122,2380735,58646,2439381,1138441,2253341,4692722,2.091223875,1.056535606,2.091223875,0.051514308,0.334081841,0.661255444
4/11/2021 13:00,11/4/2021,2065,3409736,1515,93,2431306,54938,2486244,1149055,2255543,4741787,2.115917863,1.077924917,2.115917863,0.047811462,0.336992365,0.661500773
5/11/2021 13:00,11/5/2021,1359,3411095,2129,114,2554803,54067,2608870,1183926,2254709,4863579,2.157907673,1.133096555,2.157907673,0.04566755,0.347080923,0.660992731
6/11/2021 13:00,11/6/2021,1811,3412906,1530,80,2605907,53693,2659600,1175656,2257417,4917017,2.216555693,1.154375554,2.216555693,0.045670672,0.344473595,0.661435445
7/11/2021 13:00,11/7/2021,1640,3414546,578,55,2100386,45459,2145845,1018028,2241618,4387463,2.063190796,0.936995509,2.063190796,0.044653978,0.298144468,0.65649079
8/11/2021 13:00,11/8/2021,1572,3416118,752,56,2107252,56007,2163259,1052868,2257795,4421054,2.001439877,0.933322999,2.001439877,0.053194702,0.308205981,0.660924184
9/11/2021 13:00,11/9/2021,1945,3418063,2348,132,2272541,56930,2329471,1103509,2261224,4590695,2.059376951,1.005004812,2.059376951,0.051589973,0.322846302,0.661551294
10/11/2021 13:00,11/10/2021,2069,3420132,1923,116,2507536,51379,2558915,1164141,2263723,4822638,2.15397963,1.107704432,2.15397963,0.044134688,0.340378968,0.661881764
11/11/2021 13:00,11/11/2021,2328,3422460,1723,89,2742994,51921,2794915,1237395,2267403,5062318,2.216748896,1.20975142,2.216748896,0.041959924,0.36155134,0.662506793
12/11/2021 13:00,11/12/2021,2432,3424892,1801,102,2841354,55476,2896830,1244241,2268929,5165759,2.283604221,1.252288635,2.283604221,0.044586218,0.363293499,0.662481912
13/11/2021 13:00,11/13/2021,2688,3427580,1804,89,2890569,55548,2946117,1219070,2268054,5214171,2.37112635,1.274470978,2.37112635,0.045565882,0.35566493,0.661707094
14/11/2021 13:00,11/14/2021,2706,3430286,832,57,2425112,51787,2476899,1071036,2260811,4737710,2.264267494,1.072673479,2.264267494,0.04835225,0.312229359,0.659073617
15/11/2021 13:00,11/15/2021,2091,3432377,1057,87,2452668,60466,2513134,1136180,2275280,4788414,2.158696685,1.077963152,2.158696685,0.05321868,0.331018417,0.662887556
16/11/2021 13:00,11/16/2021,2884,3435261,2287,126,2529169,56239,2585408,1164205,2278397,4863805,2.172442998,1.110065103,2.172442998,0.048306784,0.338898558,0.663238397
17/11/2021 13:00,11/17/2021,2914,3438175,1891,110,2666861,60644,2727505,1212710,2283352,5010857,2.199092116,1.167958773,2.199092116,0.050007009,0.352719102,0.664117446
18/11/2021 13:00,11/18/2021,4150,3442325,2374,157,2779417,64038,2843455,1255793,2290146,5133601,2.213276392,1.213641838,2.213276392,0.050994073,0.36480954,0.665290465
19/11/2021 13:00,11/19/2021,4209,3446534,2046,129,3020128,58402,3078530,1283600,2294413,5372943,2.352857588,1.316296587,2.352857588,0.045498598,0.37243213,0.66571605
20/11/2021 13:00,11/20/2021,3432,3449966,2419,86,3108620,52324,3160944,1301165,2294561,5455505,2.389105148,1.354777668,2.389105148,0.040213194,0.377152992,0.6650967
21/11/2021 13:00,11/21/2021,3065,3453031,758,65,2587719,49622,2637341,1140990,2286776,4924117,2.267959404,1.131601434,2.267959404,0.043490302,0.330431438,0.662251801
22/11/2021 13:00,11/22/2021,3340,3456371,1023,86,2508233,58244,2566477,1149461,2301154,4867631,2.182094912,1.089989197,2.182094912,0.050670706,0.332562969,0.665771701
23/11/2021 13:00,11/23/2021,4513,3460884,2133,168,2644214,57338,2701552,1202348,2308451,5010003,2.199208549,1.145449481,2.199208549,0.047688356,0.347410662,0.667011954
24/11/2021 13:00,11/24/2021,4531,3465415,2267,201,2780330,51876,2832206,1244928,2313599,5145805,2.233325943,1.201733749,2.233325943,0.04166988,0.359243554,0.667625378
25/11/2021 13:00,11/25/2021,4250,3469665,2073,166,2926610,48612,2975222,1278581,2319198,5294420,2.28895158,1.261906055,2.28895158,0.038020274,0.368502723,0.668421303
26/11/2021 13:00,11/26/2021,4214,3473879,1873,155,3297347,49643,3346990,1344622,2322549,5669539,2.45224829,1.419710413,2.45224829,0.03691967,0.387066446,0.6685751
27/11/2021 13:00,11/27/2021,3848,3477727,2740,140,3510538,46134,3556672,1371678,2324989,5881661,2.559301819,1.509915961,2.559301819,0.033633258,0.394417963,0.66853695
28/11/2021 13:00,11/28/2021,3722,3481449,855,67,2853747,42132,2895879,1179564,2314648,5210527,2.419323581,1.232907552,2.419323581,0.035718282,0.338814097,0.664851905
29/11/2021 13:00,11/29/2021,4111,3485560,1045,103,2715524,52169,2767693,1194105,2331803,5099496,2.274108223,1.164559785,2.274108223,0.043688788,0.34258627,0.668989488
30/11/2021 13:00,11/30/2021,5392,3490952,2467,236,2731619,54572,2786191,1227924,2339697,5125888,2.224583118,1.167509725,2.224583118,0.04444249,0.351744739,0.670217465
1/12/2021 13:00,12/1/2021,5120,3496072,2710,226,2851014,48281,2899295,1260647,2345810,5245105,2.261548237,1.215364416,2.261548237,0.038298588,0.360589542,0.670984465
2/12/2021 13:00,12/2/2021,4225,3500297,2994,241,2981284,49361,3030645,1299941,2351244,5381889,2.29339947,1.26796028,2.29339947,0.037971723,0.3713802,0.671726999
3/12/2021 13:00,12/3/2021,6940,3507237,3479,307,3334913,51369,3386282,1391241,2359015,5745297,2.397077861,1.413688764,2.397077861,0.03692315,0.396677213,0.672613513
4/12/2021 13:00,12/4/2021,7873,3515110,3011,187,3581060,43991,3625051,1437349,2363718,5988769,2.491433883,1.51501152,2.491433883,0.03060565,0.408905838,0.672444959
5/12/2021 13:00,12/5/2021,5613,3520723,1027,82,2983171,38760,3021931,1238099,2355435,5377366,2.409476948,1.266505338,2.409476948,0.031306059,0.35166044,0.669020255
6/12/2021 13:00,12/6/2021,4640,3525363,1280,131,2764262,44927,2809189,1225343,2368841,5178030,2.255908754,1.166925936,2.255908754,0.036664836,0.347579242,0.671942435
7/12/2021 13:00,12/7/2021,4001,3529364,4763,184,2873468,45034,2918502,1267570,2370845,5289347,2.266910703,1.212001628,2.266910703,0.035527821,0.359149694,0.671748508
8/12/2021 13:00,12/8/2021,3449,3532813,2202,124,3113634,43867,3157501,1329764,2377696,5535197,2.341493679,1.309517281,2.341493679,0.03298856,0.376403733,0.673031944
9/12/2021 13:00,12/9/2021,3261,3536074,2679,124,3237290,42523,3279813,1369159,2380924,5660737,2.364436855,1.359678007,2.364436855,0.031057752,0.387197496,0.673324144
10/12/2021 13:00,12/10/2021,2942,3539016,1998,92,3435945,40292,3476237,1404803,2381168,5857405,2.445855398,1.442966225,2.445855398,0.028681602,0.396947344,0.672833353
11/12/2021 13:00,12/11/2021,2709,3541725,1653,80,3543950,37385,3581335,1407499,2383117,5964452,2.517905874,1.487107012,2.517905874,0.026561298,0.397404937,0.672869012
12/12/2021 13:00,12/12/2021,2539,3544264,730,73,2957862,35295,2993157,1213057,2370670,5363827,2.43835368,1.247690315,2.43835368,0.029095912,0.342259211,0.668875118
13/12/2021 13:00,12/13/2021,2594,3546858,836,83,2851712,42063,2893775,1218667,2383324,5277099,2.340025618,1.196527203,2.340025618,0.034515581,0.343590581,0.671953599
14/12/2021 13:00,12/14/2021,2453,3549311,2251,77,2885262,41577,2926839,1247388,2388741,5315580,2.313042935,1.207858868,2.313042935,0.033331249,0.351445111,0.673015411
15/12/2021 13:00,12/15/2021,1903,3551214,2850,111,3049422,40988,3090410,1288515,2393593,5484003,2.366617385,1.273993532,2.366617385,0.031810262,0.362837891,0.674021053
16/12/2021 13:00,12/16/2021,2547,3553761,1399,106,3217615,40946,3258561,1341746,2395251,5653812,2.398080561,1.343331033,2.398080561,0.030516953,0.377556622,0.674004526
17/12/2021 13:00,12/17/2021,2602,3556363,1447,70,3527144,44103,3571247,1404321,2396926,5968173,2.511636585,1.471528116,2.511636585,0.031405213,0.394875607,0.67398238
18/12/2021 13:00,12/18/2021,2462,3558825,1472,59,3589536,41510,3631046,1388056,2395845,6026891,2.586016702,1.498233817,2.586016702,0.029905134,0.390032103,0.673212366
19/12/2021 13:00,12/19/2021,4599,3563424,2006,93,3008345,34721,3043066,1214239,2381480,5424546,2.477555901,1.263224969,2.477555901,0.028594865,0.340750638,0.668312275
20/12/2021 13:00,12/20/2021,4136,3567560,641,48,3031382,43133,3074515,1247426,2391916,5466431,2.430109682,1.267344673,2.430109682,0.034577602,0.34965803,0.670462725
21/12/2021 13:00,12/21/2021,4096,3571656,1242,60,3349112,43178,3392290,1330760,2397195,5789485,2.516691214,1.39709619,2.516691214,0.032446121,0.372589074,0.67117186
22/12/2021 13:00,12/22/2021,2164,3573820,1175,60,3594078,43458,3637536,1379098,2399595,6037131,2.60610776,1.497785251,2.60610776,0.031511901,0.385889049,0.671437006
23/12/2021 13:00,12/23/2021,2129,3575949,1106,48,3824362,43644,3868006,1431807,2401547,6269553,2.671003843,1.592457695,2.671003843,0.030481762,0.400399167,0.671583124
24/12/2021 13:00,12/24/2021,1992,3577941,858,36,3962540,38881,4001421,1450084,2398880,6400301,2.732627903,1.651829187,2.732627903,0.026812929,0.405284492,0.670463823
25/12/2021 13:00,12/25/2021,1667,3579608,427,21,1690649,24553,1715202,846815,2389232,4104434,1.996479751,0.707611902,1.996479751,0.028994527,0.236566406,0.667456325
26/12/2021 13:00,12/26/2021,1941,3581549,186,16,1160269,25750,1186019,555305,2366538,3552557,2.089426531,0.490281162,2.089426531,0.046370913,0.155046043,0.660758236
27/12/2021 13:00,12/27/2021,1678,3583227,448,40,2124935,40571,2165506,940761,2367700,4533206,2.25874053,0.897468007,2.25874053,0.043125725,0.262545744,0.660773096
28/12/2021 13:00,12/28/2021,1973,3585200,223,18,2240225,43563,2283788,983962,2360372,4644160,2.276739346,0.949098278,2.276739346,0.044273051,0.274451077,0.658365503
29/12/2021 13:00,12/29/2021,3845,3589045,267,17,2501773,45423,2547196,1063379,2367886,4915082,2.352663538,1.05654284,2.352663538,0.04271572,0.296284666,0.659753779
30/12/2021 13:00,12/30/2021,3923,3592968,447,24,2675159,52018,2727177,1153391,2368018,5095195,2.319386054,1.129703828,2.319386054,0.045100057,0.321013435,0.659070161
31/12/2021 13:00,12/31/2021,1946,3594914,1053,64,2734478,46115,2780593,1156788,2368003,5148596,2.363854051,1.154761206,2.363854051,0.039864694,0.32178461,0.658709221
